A Sacred Lot,,,4000,名詞,固有名詞,一般,*,*,*,A Sacred Lot,アセイクリッドロット,アセイクリッドロット
永遠の巫女,,,4000,名詞,固有名詞,一般,*,*,*,永遠の巫女,エイエンノミコ,エイエンノミコ
The Positive and Negative,,,4000,名詞,固有名詞,一般,*,*,*,The Positive and Negative,ザポジティブアンドネガティブ,ザポジティブアンドネガティブ
Highly Responsive to Prayers,,,4000,名詞,固有名詞,一般,*,*,*,Highly Responsive to Prayers,ハイリーレスポンシブトゥプレイヤーズ,ハイリーレスポンシブトゥプレイヤーズ
東方怪奇談,,,4000,名詞,固有名詞,一般,*,*,*,東方怪奇談,トウホウカイキダン,トウホウカイキダン
天使伝説,,,4000,名詞,固有名詞,一般,*,*,*,天使伝説,テンシデンセツ,テンシデンセツ
Oriental Magician,,,4000,名詞,固有名詞,一般,*,*,*,Oriental Magician,オリエンタルマジシャン,オリエンタルマジシャン
破邪の小太刀,,,4000,名詞,固有名詞,一般,*,*,*,破邪の小太刀,ハジャノコダチ,ハジャノコダチ
魔鏡,,,4000,名詞,固有名詞,一般,*,*,*,魔鏡,マキョウ,マキョウ
the Legend of KAGE,,,4000,名詞,固有名詞,一般,*,*,*,the Legend of KAGE,ザレジェンドオブカゲ,ザレジェンドオブカゲ
The Legend of KAGE,,,4000,名詞,固有名詞,一般,*,*,*,The Legend of KAGE,ザレジェンドオブカゲ,ザレジェンドオブカゲ
いざ、倒れ逝くその時まで,,,4000,名詞,固有名詞,一般,*,*,*,いざ、倒れ逝くその時まで,イザタオレユクソノトキマデ,イザタオレユクソノトキマデ
死なばもろとも,,,4000,名詞,固有名詞,一般,*,*,*,死なばもろとも,シナバモロトモ,シナバモロトモ
星幽剣士,,,4000,名詞,固有名詞,一般,*,*,*,星幽剣士,セイユウケンシ,セイユウケンシ
星幽天使,,,4000,名詞,固有名詞,一般,*,*,*,星幽天使,セイユウテンシ,セイユウテンシ
アイリス,,,4000,名詞,固有名詞,一般,*,*,*,アイリス,アイリス,アイリス
風の神社,,,4000,名詞,固有名詞,一般,*,*,*,風の神社,カゼノジンジャ,カゼノジンジャ
Civilization of Magic,,,4000,名詞,固有名詞,一般,*,*,*,Civilization of Magic,シビリゼイションオブマジック,シビリゼイションオブマジック
テーマ・オブ・イースタンストーリー,,,4000,名詞,固有名詞,一般,*,*,*,テーマ・オブ・イースタンストーリー,テーマオブイースタンストーリー,テーマオブイースタンストーリー
東方封魔録　～ 浄土曼荼羅,,,4000,名詞,固有名詞,一般,*,*,*,東方封魔録　～ 浄土曼荼羅,トウホウフウマロクジョウドマンダラ,トウホウフウマロクジョウドマンダラ
博麗　～ Eastern Wind,,,4000,名詞,固有名詞,一般,*,*,*,博麗　～ Eastern Wind,ハクレイ,ハクレイ
She's in a temper!!,,,4000,名詞,固有名詞,一般,*,*,*,She's in a temper!!,シーズインアテンパー,シーズインアテンパー
End of Daylight,,,4000,名詞,固有名詞,一般,*,*,*,End of Daylight,エンドオブデイライト,エンドオブデイライト
やみのちから,,,4000,名詞,固有名詞,一般,*,*,*,やみのちから,ヤミノチカラ,ヤミノチカラ
幻夢界,,,4000,名詞,固有名詞,一般,*,*,*,幻夢界,ゲンムカイ,ゲンムカイ
死を賭して,,,4000,名詞,固有名詞,一般,*,*,*,死を賭して,シヲトシテ,シヲトシテ
ひもろぎ、むらさきにもえ,,,4000,名詞,固有名詞,一般,*,*,*,ひもろぎ、むらさきにもえ,ヒモロギムラサキニモエ,ヒモロギムラサキニモエ
恋色マジック,,,4000,名詞,固有名詞,一般,*,*,*,恋色マジック,コイイロマジック,コイイロマジック
東方封魔録　～ 幽幻乱舞,,,4000,名詞,固有名詞,一般,*,*,*,東方封魔録　～ 幽幻乱舞,トウホウフウマロクユウゲンランブ,トウホウフウマロクユウゲンランブ
Complete Darkness,,,4000,名詞,固有名詞,一般,*,*,*,Complete Darkness,コンプリートダークネス,コンプリートダークネス
エキストララブ,,,4000,名詞,固有名詞,一般,*,*,*,エキストララブ,エキストララブ,エキストララブ
戦車むすめのみるゆめ,,,4000,名詞,固有名詞,一般,*,*,*,戦車むすめのみるゆめ,センシャムスメノミルユメ,センシャムスメノミルユメ
遠野の森,,,4000,名詞,固有名詞,一般,*,*,*,遠野の森,トオノノモリ,トオノノモリ
昔話わんだーらんど,,,4000,名詞,固有名詞,一般,*,*,*,昔話わんだーらんど,ムカシバナシワンダーランド,ムカシバナシワンダーランド
博麗神社境内,,,4000,名詞,固有名詞,一般,*,*,*,博麗神社境内,ハクレイジンジャケイダイ,ハクレイジンジャケイダイ
陽落ちて,,,4000,名詞,固有名詞,一般,*,*,*,陽落ちて,ヒオチテ,ヒオチテ
封魔終演,,,4000,名詞,固有名詞,一般,*,*,*,封魔終演,フウマシュウエン,フウマシュウエン
夢は時空を越えて,,,4000,名詞,固有名詞,一般,*,*,*,夢は時空を越えて,ユメハジクウヲコエテ,ユメハジクウヲコエテ
Selection,,,4000,名詞,固有名詞,一般,*,*,*,Selection,セレクション,セレクション
東方妖恋談,,,4000,名詞,固有名詞,一般,*,*,*,東方妖恋談,トウホウヨウレンダン,トウホウヨウレンダン
Reincarnation,,,4000,名詞,固有名詞,一般,*,*,*,Reincarnation,リーインカーネイション,リーインカーネイション
Dim. Dream,,,4000,名詞,固有名詞,一般,*,*,*,Dim. Dream,ディムドリーム,ディムドリーム
Tabula rasa　～ 空白少女,,,4000,名詞,固有名詞,一般,*,*,*,Tabula rasa　～ 空白少女,タブララサ,タブララサ
Maniacal Princess,,,4000,名詞,固有名詞,一般,*,*,*,Maniacal Princess,マニアカルプリンセス,マニアカルプリンセス
夢消失　～ Lost Dream,,,4000,名詞,固有名詞,一般,*,*,*,夢消失　～ Lost Dream,ユメショウシツ,ユメショウシツ
夢幻遊戯　～ Dream War,,,4000,名詞,固有名詞,一般,*,*,*,夢幻遊戯　～ Dream War,ムゲンユウギ,ムゲンユウギ
魔法決戦！　～ Fight it out!,,,4000,名詞,固有名詞,一般,*,*,*,魔法決戦！　～ Fight it out!,マホウケッセン,マホウケッセン
Sailor of Time,,,4000,名詞,固有名詞,一般,*,*,*,Sailor of Time,セイラーオブタイム,セイラーオブタイム
Strawberry Crisis!!,,,4000,名詞,固有名詞,一般,*,*,*,Strawberry Crisis!!,ストロベリークライシス,ストロベリークライシス
非統一魔法世界論,,,4000,名詞,固有名詞,一般,*,*,*,非統一魔法世界論,ヒトウイツマホウセカイロン,ヒトウイツマホウセカイロン
魔法鐘愛,,,4000,名詞,固有名詞,一般,*,*,*,魔法鐘愛,マホウショウアイ,マホウショウアイ
久遠の夢,,,4000,名詞,固有名詞,一般,*,*,*,久遠の夢,クオンノユメ,クオンノユメ
東方の青い空,,,4000,名詞,固有名詞,一般,*,*,*,東方の青い空,トウホウノアオイソラ,トウホウノアオイソラ
永遠の満月,,,4000,名詞,固有名詞,一般,*,*,*,永遠の満月,エイエンノマンゲツ,エイエンノマンゲツ
Maple Dream...,,,4000,名詞,固有名詞,一般,*,*,*,Maple Dream...,メイプルドリーム,メイプルドリーム
霊人の休日,,,4000,名詞,固有名詞,一般,*,*,*,霊人の休日,レイジンノキュウジツ,レイジンノキュウジツ
勝利デモ,,,4000,名詞,固有名詞,一般,*,*,*,勝利デモ,ショウリデモ,ショウリデモ
ゲームオーバー,,,4000,名詞,固有名詞,一般,*,*,*,ゲームオーバー,ゲームオーバー,ゲームオーバー
時の風,,,4000,名詞,固有名詞,一般,*,*,*,時の風,トキノカゼ,トキノカゼ
スターボウドリーム,,,4000,名詞,固有名詞,一般,*,*,*,スターボウドリーム,スターボウドリーム,スターボウドリーム
Phantasmagoria,,,4000,名詞,固有名詞,一般,*,*,*,Phantasmagoria,ファンタズマゴリア,ファンタズマゴリア
幻想郷　～ Lotus Land Story,,,4000,名詞,固有名詞,一般,*,*,*,幻想郷　～ Lotus Land Story,ゲンソウキョウ,ゲンソウキョウ
幻想郷　～ Lotus Land Story...,,,4000,名詞,固有名詞,一般,*,*,*,幻想郷　～ Lotus Land Story...,ゲンソウキョウ,ゲンソウキョウ
Witching Dream,,,4000,名詞,固有名詞,一般,*,*,*,Witching Dream,ウィッチングドリーム,ウィッチングドリーム
Selene's light,,,4000,名詞,固有名詞,一般,*,*,*,Selene's light,セレンズライト,セレンズライト
装飾戦　～ Decoration Battle　(未使用バージョン),,,4000,名詞,固有名詞,一般,*,*,*,装飾戦　～ Decoration Battle　(未使用バージョン),ソウショクセン,ソウショクセン
装飾戦　～ Decoration Battle,,,4000,名詞,固有名詞,一般,*,*,*,装飾戦　～ Decoration Battle,ソウショクセン,ソウショクセン
Break the Sabbath,,,4000,名詞,固有名詞,一般,*,*,*,Break the Sabbath,ブレイクザサバス,ブレイクザサバス
紅響曲　～ Scarlet Phoneme,,,4000,名詞,固有名詞,一般,*,*,*,紅響曲　～ Scarlet Phoneme,コウキョウキョク,コウキョウキョク
Bad Apple!!,,,4000,名詞,固有名詞,一般,*,*,*,Bad Apple!!,バッドアップル,バッドアップル
霊戦　～ Perdition crisis,,,4000,名詞,固有名詞,一般,*,*,*,霊戦　～ Perdition crisis,レイセン,レイセン
アリスマエステラ,,,4000,名詞,固有名詞,一般,*,*,*,アリスマエステラ,アリスマエステラ,アリスマエステラ
少女綺想曲　～ Capriccio,,,4000,名詞,固有名詞,一般,*,*,*,少女綺想曲　～ Capriccio,ショウジョキソウキョク,ショウジョキソウキョク
星の器　～ Casket of Star,,,4000,名詞,固有名詞,一般,*,*,*,星の器　～ Casket of Star,ホシノウツワ,ホシノウツワ
Lotus Love,,,4000,名詞,固有名詞,一般,*,*,*,Lotus Love,ロータスラブ,ロータスラブ
眠れる恐怖　～ Sleeping Terror,,,4000,名詞,固有名詞,一般,*,*,*,眠れる恐怖　～ Sleeping Terror,ネムレルキョウフ,ネムレルキョウフ
Dream Land,,,4000,名詞,固有名詞,一般,*,*,*,Dream Land,ドリームランド,ドリームランド
幽夢　～ Inanimate Dream　(未使用バージョン),,,4000,名詞,固有名詞,一般,*,*,*,幽夢　～ Inanimate Dream　(未使用バージョン),ユウム,ユウム
幽夢　～ Inanimate Dream,,,4000,名詞,固有名詞,一般,*,*,*,幽夢　～ Inanimate Dream,ユウム,ユウム
禁じざるをえない遊戯,,,4000,名詞,固有名詞,一般,*,*,*,禁じざるをえない遊戯,キンジザルヲエナイユウギ,キンジザルヲエナイユウギ
メイド幻想　～ Icemilk Magic,,,4000,名詞,固有名詞,一般,*,*,*,メイド幻想　～ Icemilk Magic,メイドゲンソウ,メイドゲンソウ
かわいい悪魔　～ Innocence,,,4000,名詞,固有名詞,一般,*,*,*,かわいい悪魔　～ Innocence,カワイイアクマ,カワイイアクマ
Days,,,4000,名詞,固有名詞,一般,*,*,*,Days,デイズ,デイズ
Peaceful,,,4000,名詞,固有名詞,一般,*,*,*,Peaceful,ピースフル,ピースフル
Arcadian Dream,,,4000,名詞,固有名詞,一般,*,*,*,Arcadian Dream,アルカディアンドリーム,アルカディアンドリーム
幻想の住人,,,4000,名詞,固有名詞,一般,*,*,*,幻想の住人,ゲンソウノジュウニン,ゲンソウノジュウニン
Lotus Road,,,4000,名詞,固有名詞,一般,*,*,*,Lotus Road,ロータスロード,ロータスロード
Dreamy pilot,,,4000,名詞,固有名詞,一般,*,*,*,Dreamy pilot,ドリーミーパイロット,ドリーミーパイロット
Incomplete Plot,,,4000,名詞,固有名詞,一般,*,*,*,Incomplete Plot,インコンプリートプロット,インコンプリートプロット
Border Land,,,4000,名詞,固有名詞,一般,*,*,*,Border Land,ボーダーランド,ボーダーランド
Magic Shop of Raspberry,,,4000,名詞,固有名詞,一般,*,*,*,Magic Shop of Raspberry,マジックショップオブラズベリー,マジックショップオブラズベリー
Crescent Dream,,,4000,名詞,固有名詞,一般,*,*,*,Crescent Dream,クレッセントドリーム,クレッセントドリーム
怪綺談　～ Mystic Square,,,4000,名詞,固有名詞,一般,*,*,*,怪綺談　～ Mystic Square,カイキダン,カイキダン
Dream Express,,,4000,名詞,固有名詞,一般,*,*,*,Dream Express,ドリームエクスプレス,ドリームエクスプレス
魔法陣　～ Magic Square,,,4000,名詞,固有名詞,一般,*,*,*,魔法陣　～ Magic Square,マホウジン,マホウジン
夢想時空,,,4000,名詞,固有名詞,一般,*,*,*,夢想時空,ムソウジクウ,ムソウジクウ
霊天　～ Spiritual Heaven,,,4000,名詞,固有名詞,一般,*,*,*,霊天　～ Spiritual Heaven,レイテン,レイテン
Romantic Children,,,4000,名詞,固有名詞,一般,*,*,*,Romantic Children,ロマンチックチルドレン,ロマンチックチルドレン
プラスチックマインド,,,4000,名詞,固有名詞,一般,*,*,*,プラスチックマインド,プラスチックマインド,プラスチックマインド
メイプルワイズ,,,4000,名詞,固有名詞,一般,*,*,*,メイプルワイズ,メイプルワイズ,メイプルワイズ
禁断の魔法　～ Forbidden Magic,,,4000,名詞,固有名詞,一般,*,*,*,禁断の魔法　～ Forbidden Magic,キンダンノマホウ,キンダンノマホウ
真紅の少女　～ Crimson Dead!!,,,4000,名詞,固有名詞,一般,*,*,*,真紅の少女　～ Crimson Dead!!,シンクノショウジョ,シンクノショウジョ
裏切りの少女　～ Judas Kiss,,,4000,名詞,固有名詞,一般,*,*,*,裏切りの少女　～ Judas Kiss,ウラギリノショウジョ,ウラギリノショウジョ
the Last Judgement,,,4000,名詞,固有名詞,一般,*,*,*,the Last Judgement,ザラストジャッジメント,ザラストジャッジメント
悲しき人形　～ Doll of Misery,,,4000,名詞,固有名詞,一般,*,*,*,悲しき人形　～ Doll of Misery,カナシキニンギョウ,カナシキニンギョウ
世界の果て　～ World's End,,,4000,名詞,固有名詞,一般,*,*,*,世界の果て　～ World's End,セカイノハテ,セカイノハテ
神話幻想　～ Infinite Being,,,4000,名詞,固有名詞,一般,*,*,*,神話幻想　～ Infinite Being,シンワゲンソウ,シンワゲンソウ
不思議の国のアリス,,,4000,名詞,固有名詞,一般,*,*,*,不思議の国のアリス,フシギノクニノアリス,フシギノクニノアリス
the Grimoire of Alice,,,4000,名詞,固有名詞,一般,*,*,*,the Grimoire of Alice,グリモワールオブアリス,グリモワールオブアリス
神社,,,4000,名詞,固有名詞,一般,*,*,*,神社,ジンジャ,ジンジャ
Endless,,,4000,名詞,固有名詞,一般,*,*,*,Endless,エンドレス,エンドレス
久遠の楽園,,,4000,名詞,固有名詞,一般,*,*,*,久遠の楽園,クオンノラクエン,クオンノラクエン
Mystic Dream,,,4000,名詞,固有名詞,一般,*,*,*,Mystic Dream,ミスチックドリーム,ミスチックドリーム
Peaceful Romancer,,,4000,名詞,固有名詞,一般,*,*,*,Peaceful Romancer,ピースフルロマンサー,ピースフルロマンサー
魂の休らむ所,,,4000,名詞,固有名詞,一般,*,*,*,魂の休らむ所,タマシイノヤスラムトコロ,タマシイノヤスラムトコロ
赤より紅い夢,,,4000,名詞,固有名詞,一般,*,*,*,赤より紅い夢,アカヨリアカイユメ,アカヨリアカイユメ
ほおずきみたいに紅い魂,,,4000,名詞,固有名詞,一般,*,*,*,ほおずきみたいに紅い魂,ホオズキミタイニアカイタマシイ,ホオズキミタイニアカイタマシイ
妖魔夜行,,,4000,名詞,固有名詞,一般,*,*,*,妖魔夜行,ヨウマヤコウ,ヨウマヤコウ
ルーネイトエルフ,,,4000,名詞,固有名詞,一般,*,*,*,ルーネイトエルフ,ルーネイトエルフ,ルーネイトエルフ
おてんば恋娘,,,4000,名詞,固有名詞,一般,*,*,*,おてんば恋娘,オテンバコイムスメ,オテンバコイムスメ
明治十七年の上海アリス,,,4000,名詞,固有名詞,一般,*,*,*,明治十七年の上海アリス,メイジジュウナナネンノシャンハイアリス,メイジジュウナナネンノシャンハイアリス
上海紅茶館　～ Chinese Tea,,,4000,名詞,固有名詞,一般,*,*,*,上海紅茶館　～ Chinese Tea,シャンハイコウチャカン,シャンハイコウチャカン
ヴワル魔法図書館,,,4000,名詞,固有名詞,一般,*,*,*,ヴワル魔法図書館,ゔワルマホウトショカン,ゔワルマホウトショカン
ラクトガール　～ 少女密室,,,4000,名詞,固有名詞,一般,*,*,*,ラクトガール　～ 少女密室,ラクトガール,ラクトガール
メイドと血の懐中時計,,,4000,名詞,固有名詞,一般,*,*,*,メイドと血の懐中時計,メイドトチノカイチュウドケイ,メイドトチノカイチュウドケイ
月時計　～ ルナ・ダイアル,,,4000,名詞,固有名詞,一般,*,*,*,月時計　～ ルナ・ダイアル,ルナダイアル,ルナダイアル
ツェペシュの幼き末裔,,,4000,名詞,固有名詞,一般,*,*,*,ツェペシュの幼き末裔,ツェペシュノオサナキマツエイ,ツェペシュノオサナキマツエイ
亡き王女の為のセプテット,,,4000,名詞,固有名詞,一般,*,*,*,亡き王女の為のセプテット,ナキオウジョノタメノセプテット,ナキオウジョノタメノセプテット
魔法少女達の百年祭,,,4000,名詞,固有名詞,一般,*,*,*,魔法少女達の百年祭,マホウショウジョタチノヒャクネンサイ,マホウショウジョタチノヒャクネンサイ
U.N.オーエンは彼女なのか？,,,4000,名詞,固有名詞,一般,*,*,*,U.N.オーエンは彼女なのか？,ユーエヌオーエンハカノジョナノカ,ユーエヌオーエンハカノジョナノカ
紅より儚い永遠,,,4000,名詞,固有名詞,一般,*,*,*,紅より儚い永遠,アカヨリハカナイエイエン,アカヨリハカナイエイエン
紅楼　～ Eastern Dream...,,,4000,名詞,固有名詞,一般,*,*,*,紅楼　～ Eastern Dream...,コウロウ,コウロウ
妖々夢　～ Snow or Cherry Petal,,,4000,名詞,固有名詞,一般,*,*,*,妖々夢　～ Snow or Cherry Petal,ヨウヨウム,ヨウヨウム
無何有の郷　～ Deep Mountain,,,4000,名詞,固有名詞,一般,*,*,*,無何有の郷　～ Deep Mountain,ムカウノキョウ,ムカウノキョウ
クリスタライズシルバー,,,4000,名詞,固有名詞,一般,*,*,*,クリスタライズシルバー,クリスタライズシルバー,クリスタライズシルバー
遠野幻想物語,,,4000,名詞,固有名詞,一般,*,*,*,遠野幻想物語,トオノゲンソウモノガタリ,トオノゲンソウモノガタリ
ティアオイエツォン(withered leaf),,,4000,名詞,固有名詞,一般,*,*,*,ティアオイエツォン(withered leaf),ティアオイエツォン,ティアオイエツォン
ブクレシュティの人形師,,,4000,名詞,固有名詞,一般,*,*,*,ブクレシュティの人形師,ブクレシュティノニンギョウシ,ブクレシュティノニンギョウシ
人形裁判　～ 人の形弄びし少女,,,4000,名詞,固有名詞,一般,*,*,*,人形裁判　～ 人の形弄びし少女,ニンギョウサイバン,ニンギョウサイバン
天空の花の都,,,4000,名詞,固有名詞,一般,*,*,*,天空の花の都,テンクウノハナノミヤコ,テンクウノハナノミヤコ
幽霊楽団　～ Phantom Ensemble,,,4000,名詞,固有名詞,一般,*,*,*,幽霊楽団　～ Phantom Ensemble,ユウレイガクダン,ユウレイガクダン
東方妖々夢　～ Ancient Temple,,,4000,名詞,固有名詞,一般,*,*,*,東方妖々夢　～ Ancient Temple,トウホウヨウヨウム,トウホウヨウヨウム
広有射怪鳥事　～ Till When?,,,4000,名詞,固有名詞,一般,*,*,*,広有射怪鳥事　～ Till When?,ヒロアリケテウヲイルコト,ヒロアリケテウヲイルコト
アルティメットトゥルース,,,4000,名詞,固有名詞,一般,*,*,*,アルティメットトゥルース,アルティメットトゥルース,アルティメットトゥルース
幽雅に咲かせ、墨染の桜　～ Border of Life,,,4000,名詞,固有名詞,一般,*,*,*,幽雅に咲かせ、墨染の桜　～ Border of Life,ユウガニサカセスミゾメノサクラ,ユウガニサカセスミゾメノサクラ
ボーダーオブライフ,,,4000,名詞,固有名詞,一般,*,*,*,ボーダーオブライフ,ボーダーオブライフ,ボーダーオブライフ
妖々跋扈,,,4000,名詞,固有名詞,一般,*,*,*,妖々跋扈,ヨウヨウバッコ,ヨウヨウバッコ
少女幻葬　～ Necro-Fantasy,,,4000,名詞,固有名詞,一般,*,*,*,少女幻葬　～ Necro-Fantasy,ショウジョゲンソウ,ショウジョゲンソウ
妖々跋扈　～ Who done it!,,,4000,名詞,固有名詞,一般,*,*,*,妖々跋扈　～ Who done it!,ヨウヨウバッコ,ヨウヨウバッコ
ネクロファンタジア,,,4000,名詞,固有名詞,一般,*,*,*,ネクロファンタジア,ネクロファンタジア,ネクロファンタジア
春風の夢,,,4000,名詞,固有名詞,一般,*,*,*,春風の夢,ハルカゼノユメ,ハルカゼノユメ
さくらさくら　～ Japanize Dream...,,,4000,名詞,固有名詞,一般,*,*,*,さくらさくら　～ Japanize Dream...,サクラサクラ,サクラサクラ
萃夢想,,,4000,名詞,固有名詞,一般,*,*,*,萃夢想,スイムソウ,スイムソウ
魔女達の舞踏会,,,4000,名詞,固有名詞,一般,*,*,*,魔女達の舞踏会,マジョタチノブトウカイ,マジョタチノブトウカイ
人形裁判,,,4000,名詞,固有名詞,一般,*,*,*,人形裁判,ニンギョウサイバン,ニンギョウサイバン
Demystify Feast,,,4000,名詞,固有名詞,一般,*,*,*,Demystify Feast,デミーステファイフィースト,デミーステファイフィースト
夜が降りてくる　～ Evening Star,,,4000,名詞,固有名詞,一般,*,*,*,夜が降りてくる　～ Evening Star,ヨルガオリテクル,ヨルガオリテクル
御伽の国の鬼が島　～ Missing Power,,,4000,名詞,固有名詞,一般,*,*,*,御伽の国の鬼が島　～ Missing Power,オトギノクニノオニガシマ,オトギノクニノオニガシマ
夏明き,,,4000,名詞,固有名詞,一般,*,*,*,夏明き,ナツアキ,ナツアキ
東方萃夢想,,,4000,名詞,固有名詞,一般,*,*,*,東方萃夢想,トウホウスイムソウ,トウホウスイムソウ
魔所,,,4000,名詞,固有名詞,一般,*,*,*,魔所,マショ,マショ
月輪,,,4000,名詞,固有名詞,一般,*,*,*,月輪,ゲツリン,ゲツリン
遍参,,,4000,名詞,固有名詞,一般,*,*,*,遍参,ヘンサン,ヘンサン
裏心,,,4000,名詞,固有名詞,一般,*,*,*,裏心,ウラゴコロ,ウラゴコロ
Intermezzo,,,4000,名詞,固有名詞,一般,*,*,*,Intermezzo,インテルメッツォ,インテルメッツォ
あゆのかぜ,,,4000,名詞,固有名詞,一般,*,*,*,あゆのかぜ,アユノカゼ,アユノカゼ
森閑,,,4000,名詞,固有名詞,一般,*,*,*,森閑,シンカン,シンカン
仰空,,,4000,名詞,固有名詞,一般,*,*,*,仰空,ギョウクウ,ギョウクウ
幽境,,,4000,名詞,固有名詞,一般,*,*,*,幽境,ユウキョウ,ユウキョウ
珍客,,,4000,名詞,固有名詞,一般,*,*,*,珍客,チンカク,チンカク
紅夜,,,4000,名詞,固有名詞,一般,*,*,*,紅夜,コウヤ,コウヤ
戦迅,,,4000,名詞,固有名詞,一般,*,*,*,戦迅,センジン,センジン
禍機,,,4000,名詞,固有名詞,一般,*,*,*,禍機,カキ,カキ
砕月,,,4000,名詞,固有名詞,一般,*,*,*,砕月,サイゲツ,サイゲツ
永夜抄　～ Eastern Night.,,,4000,名詞,固有名詞,一般,*,*,*,永夜抄　～ Eastern Night.,エイヤショウ,エイヤショウ
幻視の夜　～ Ghostly Eyes,,,4000,名詞,固有名詞,一般,*,*,*,幻視の夜　～ Ghostly Eyes,ゲンシノヨル,ゲンシノヨル
蠢々秋月　～ Mooned Insect,,,4000,名詞,固有名詞,一般,*,*,*,蠢々秋月　～ Mooned Insect,シュンシュンシュウゲツ,シュンシュンシュウゲツ
夜雀の歌声　～ Night Bird,,,4000,名詞,固有名詞,一般,*,*,*,夜雀の歌声　～ Night Bird,ヨスズメノウタゴエ,ヨスズメノウタゴエ
もう歌しか聞こえない,,,4000,名詞,固有名詞,一般,*,*,*,もう歌しか聞こえない,モウウタシカキコエナイ,モウウタシカキコエナイ
懐かしき東方の血　～ Old World,,,4000,名詞,固有名詞,一般,*,*,*,懐かしき東方の血　～ Old World,ナツカシキトウホウノチ,ナツカシキトウホウノチ
プレインエイジア,,,4000,名詞,固有名詞,一般,*,*,*,プレインエイジア,プレインエイジア,プレインエイジア
永夜の報い　～ Imperishable Night.,,,4000,名詞,固有名詞,一般,*,*,*,永夜の報い　～ Imperishable Night.,エイヤノムクイ,エイヤノムクイ
少女綺想曲　～ Dream Battle,,,4000,名詞,固有名詞,一般,*,*,*,少女綺想曲　～ Dream Battle,ショウジョキソウキョク,ショウジョキソウキョク
恋色マスタースパーク,,,4000,名詞,固有名詞,一般,*,*,*,恋色マスタースパーク,コイイロマスタースパーク,コイイロマスタースパーク
シンデレラケージ　～ Kagome-Kagome,,,4000,名詞,固有名詞,一般,*,*,*,シンデレラケージ　～ Kagome-Kagome,シンデレラケージ,シンデレラケージ
狂気の瞳　～ Invisible Full Moon,,,4000,名詞,固有名詞,一般,*,*,*,狂気の瞳　～ Invisible Full Moon,キョウキノヒトミ,キョウキノヒトミ
ヴォヤージュ1969,,,4000,名詞,固有名詞,一般,*,*,*,ヴォヤージュ1969,ゔォヤージュ1969,ゔォヤージュ1969
千年幻想郷　～ History of the Moon,,,4000,名詞,固有名詞,一般,*,*,*,千年幻想郷　～ History of the Moon,センネンゲンソウキョウ,センネンゲンソウキョウ
竹取飛翔　～ Lunatic Princess,,,4000,名詞,固有名詞,一般,*,*,*,竹取飛翔　～ Lunatic Princess,タケトリヒショウ,タケトリヒショウ
ヴォヤージュ1970,,,4000,名詞,固有名詞,一般,*,*,*,ヴォヤージュ1970,ゔォヤージュ1970,ゔォヤージュ1970
エクステンドアッシュ　～ 蓬莱人,,,4000,名詞,固有名詞,一般,*,*,*,エクステンドアッシュ　～ 蓬莱人,エクステンドアッシュ,エクステンドアッシュ
月まで届け、不死の煙,,,4000,名詞,固有名詞,一般,*,*,*,月まで届け、不死の煙,ツキマデトドケフシノケムリ,ツキマデトドケフシノケムリ
月見草,,,4000,名詞,固有名詞,一般,*,*,*,月見草,ツキミソウ,ツキミソウ
Eternal Dream　～ 幽玄の槭樹,,,4000,名詞,固有名詞,一般,*,*,*,Eternal Dream　～ 幽玄の槭樹,エターナルドリーム,エターナルドリーム
東方妖怪小町,,,4000,名詞,固有名詞,一般,*,*,*,東方妖怪小町,トウホウヨウカイコマチ,トウホウヨウカイコマチ
花映塚　～ Higan Retour,,,4000,名詞,固有名詞,一般,*,*,*,花映塚　～ Higan Retour,カエイヅカ,カエイヅカ
春色小径　～ Colorful Path,,,4000,名詞,固有名詞,一般,*,*,*,春色小径　～ Colorful Path,ハルイロコミチ,ハルイロコミチ
オリエンタルダークフライト,,,4000,名詞,固有名詞,一般,*,*,*,オリエンタルダークフライト,オリエンタルダークフライト,オリエンタルダークフライト
フラワリングナイト,,,4000,名詞,固有名詞,一般,*,*,*,フラワリングナイト,フラワリングナイト,フラワリングナイト
おてんば恋娘の冒険,,,4000,名詞,固有名詞,一般,*,*,*,おてんば恋娘の冒険,オテンバコイムスメノボウケン,オテンバコイムスメノボウケン
もう歌しか聞こえない　～ Flower Mix,,,4000,名詞,固有名詞,一般,*,*,*,もう歌しか聞こえない　～ Flower Mix,モウウタシカキコエナイ,モウウタシカキコエナイ
お宇佐さまの素い幡,,,4000,名詞,固有名詞,一般,*,*,*,お宇佐さまの素い幡,オウササマノシロイハタ,オウササマノシロイハタ
風神少女　(Short Version),,,4000,名詞,固有名詞,一般,*,*,*,風神少女　(Short Version),フウジンショウジョ,フウジンショウジョ
ポイズンボディ　～ Forsaken Doll,,,4000,名詞,固有名詞,一般,*,*,*,ポイズンボディ　～ Forsaken Doll,ポイズンボディ,ポイズンボディ
今昔幻想郷　～ Flower Land,,,4000,名詞,固有名詞,一般,*,*,*,今昔幻想郷　～ Flower Land,コンジャクゲンソウキョウ,コンジャクゲンソウキョウ
彼岸帰航　～ Riverside View,,,4000,名詞,固有名詞,一般,*,*,*,彼岸帰航　～ Riverside View,ヒガンキコウ,ヒガンキコウ
六十年目の東方裁判　～ Fate of Sixty Years,,,4000,名詞,固有名詞,一般,*,*,*,六十年目の東方裁判　～ Fate of Sixty Years,ロクジュウネンメノトウホウサイバン,ロクジュウネンメノトウホウサイバン
花の映る塚,,,4000,名詞,固有名詞,一般,*,*,*,花の映る塚,ハナノウツルツカ,ハナノウツルツカ
此岸の塚,,,4000,名詞,固有名詞,一般,*,*,*,此岸の塚,シガンノツカ,シガンノツカ
花は幻想のままに,,,4000,名詞,固有名詞,一般,*,*,*,花は幻想のままに,ハナハゲンソウノママニ,ハナハゲンソウノママニ
魂の花　～ Another Dream...,,,4000,名詞,固有名詞,一般,*,*,*,魂の花　～ Another Dream...,タマシイノハナ,タマシイノハナ
天狗の手帖　～ Mysterious Note,,,4000,名詞,固有名詞,一般,*,*,*,天狗の手帖　～ Mysterious Note,テングノテチョウ,テングノテチョウ
風の循環　～ Wind Tour,,,4000,名詞,固有名詞,一般,*,*,*,風の循環　～ Wind Tour,カゼノジュンカン,カゼノジュンカン
天狗が見ている　～ Black Eyes,,,4000,名詞,固有名詞,一般,*,*,*,天狗が見ている　～ Black Eyes,テングガミテイル,テングガミテイル
東の国の眠らない夜,,,4000,名詞,固有名詞,一般,*,*,*,東の国の眠らない夜,ヒガシノクニノネムラナイヨル,ヒガシノクニノネムラナイヨル
レトロスペクティブ京都,,,4000,名詞,固有名詞,一般,*,*,*,レトロスペクティブ京都,レトロスペクティブキョウト,レトロスペクティブキョウト
風神少女,,,4000,名詞,固有名詞,一般,*,*,*,風神少女,フウジンショウジョ,フウジンショウジョ
封印されし神々,,,4000,名詞,固有名詞,一般,*,*,*,封印されし神々,フウインサレシカミガミ,フウインサレシカミガミ
人恋し神様　～ Romantic Fall,,,4000,名詞,固有名詞,一般,*,*,*,人恋し神様　～ Romantic Fall,ヒトコイシカミサマ,ヒトコイシカミサマ
稲田姫様に叱られるから,,,4000,名詞,固有名詞,一般,*,*,*,稲田姫様に叱られるから,イナダヒメサマニシカラレルカラ,イナダヒメサマニシカラレルカラ
厄神様の通り道　～ Dark Road,,,4000,名詞,固有名詞,一般,*,*,*,厄神様の通り道　～ Dark Road,ヤクジンサマノトオリミチ,ヤクジンサマノトオリミチ
運命のダークサイド,,,4000,名詞,固有名詞,一般,*,*,*,運命のダークサイド,ウンメイノダークサイド,ウンメイノダークサイド
神々が恋した幻想郷,,,4000,名詞,固有名詞,一般,*,*,*,神々が恋した幻想郷,カミガミガコイシタゲンソウキョウ,カミガミガコイシタゲンソウキョウ
芥川龍之介の河童　～ Candid Friend,,,4000,名詞,固有名詞,一般,*,*,*,芥川龍之介の河童　～ Candid Friend,アクタガワリュウノスケノカッパ,アクタガワリュウノスケノカッパ
フォールオブフォール　～ 秋めく滝,,,4000,名詞,固有名詞,一般,*,*,*,フォールオブフォール　～ 秋めく滝,フォールオブフォール,フォールオブフォール
妖怪の山　～ Mysterious Mountain,,,4000,名詞,固有名詞,一般,*,*,*,妖怪の山　～ Mysterious Mountain,ヨウカイノヤマ,ヨウカイノヤマ
少女が見た日本の原風景,,,4000,名詞,固有名詞,一般,*,*,*,少女が見た日本の原風景,ショウジョガミタニホンノゲンフウケイ,ショウジョガミタニホンノゲンフウケイ
信仰は儚き人間の為に,,,4000,名詞,固有名詞,一般,*,*,*,信仰は儚き人間の為に,シンコウハハカナキニンゲンノタメニ,シンコウハハカナキニンゲンノタメニ
御柱の墓場　～ Grave of Being,,,4000,名詞,固有名詞,一般,*,*,*,御柱の墓場　～ Grave of Being,オンバシラノハカバ,オンバシラノハカバ
神さびた古戦場　～ Suwa Foughten Field,,,4000,名詞,固有名詞,一般,*,*,*,神さびた古戦場　～ Suwa Foughten Field,カミサビタコセンジョウ,カミサビタコセンジョウ
明日ハレの日、ケの昨日,,,4000,名詞,固有名詞,一般,*,*,*,明日ハレの日、ケの昨日,アシタハレノヒケノキノウ,アシタハレノヒケノキノウ
ネイティブフェイス,,,4000,名詞,固有名詞,一般,*,*,*,ネイティブフェイス,ネイティブフェイス,ネイティブフェイス
麓の神社,,,4000,名詞,固有名詞,一般,*,*,*,麓の神社,フモトノジンジャ,フモトノジンジャ
神は恵みの雨を降らす　～ Sylphid Dream,,,4000,名詞,固有名詞,一般,*,*,*,神は恵みの雨を降らす　～ Sylphid Dream,カミハメグミノアメヲフラス,カミハメグミノアメヲフラス
プレイヤーズスコア,,,4000,名詞,固有名詞,一般,*,*,*,プレイヤーズスコア,プレイヤーズスコア,プレイヤーズスコア
緋想天,,,4000,名詞,固有名詞,一般,*,*,*,緋想天,ヒソウテン,ヒソウテン
日常坐臥,,,4000,名詞,固有名詞,一般,*,*,*,日常坐臥,ニチジョウザガ,ニチジョウザガ
地の色は黄色,,,4000,名詞,固有名詞,一般,*,*,*,地の色は黄色,チノイロハキイロ,チノイロハキイロ
甲論乙駁,,,4000,名詞,固有名詞,一般,*,*,*,甲論乙駁,コウロンオツバク,コウロンオツバク
風光明媚,,,4000,名詞,固有名詞,一般,*,*,*,風光明媚,フウコウメイビ,フウコウメイビ
香る樹葉花,,,4000,名詞,固有名詞,一般,*,*,*,香る樹葉花,カオルジュヨウカ,カオルジュヨウカ
踊る水飛沫,,,4000,名詞,固有名詞,一般,*,*,*,踊る水飛沫,オドルミズシブキ,オドルミズシブキ
以魚駆蠅,,,4000,名詞,固有名詞,一般,*,*,*,以魚駆蠅,イギョクヨウ,イギョクヨウ
放縦不羈,,,4000,名詞,固有名詞,一般,*,*,*,放縦不羈,ホウショウフキ,ホウショウフキ
嘲りの遊戯,,,4000,名詞,固有名詞,一般,*,*,*,嘲りの遊戯,アザケリノユウギ,アザケリノユウギ
冷吟閑酔,,,4000,名詞,固有名詞,一般,*,*,*,冷吟閑酔,レイギンカンスイ,レイギンカンスイ
雲外蒼天,,,4000,名詞,固有名詞,一般,*,*,*,雲外蒼天,ウンガイソウテン,ウンガイソウテン
黒い海に紅く　～ Legendary Fish,,,4000,名詞,固有名詞,一般,*,*,*,黒い海に紅く　～ Legendary Fish,クロイウミニアカク,クロイウミニアカク
天衣無縫,,,4000,名詞,固有名詞,一般,*,*,*,天衣無縫,テンイムホウ,テンイムホウ
有頂天変　～ Wonderful Heaven,,,4000,名詞,固有名詞,一般,*,*,*,有頂天変　～ Wonderful Heaven,ウチョウテンヘン,ウチョウテンヘン
幼心地の有頂天,,,4000,名詞,固有名詞,一般,*,*,*,幼心地の有頂天,オサナゴコチノウチョウテン,オサナゴコチノウチョウテン
暮色蒼然,,,4000,名詞,固有名詞,一般,*,*,*,暮色蒼然,ボショクソウゼン,ボショクソウゼン
東方緋想天,,,4000,名詞,固有名詞,一般,*,*,*,東方緋想天,トウホウヒソウテン,トウホウヒソウテン
夜が降りてくる,,,4000,名詞,固有名詞,一般,*,*,*,夜が降りてくる,ヨルガオリテクル,ヨルガオリテクル
放縦不羈,,,4000,名詞,固有名詞,一般,*,*,*,放縦不羈,ホウジュウフキ,ホウジュウフキ
地霊達の起床,,,4000,名詞,固有名詞,一般,*,*,*,地霊達の起床,チレイタチノキショウ,チレイタチノキショウ
暗闇の風穴,,,4000,名詞,固有名詞,一般,*,*,*,暗闇の風穴,クラヤミノフウケツ,クラヤミノフウケツ
封じられた妖怪　～ Lost Place,,,4000,名詞,固有名詞,一般,*,*,*,封じられた妖怪　～ Lost Place,フウジラレタヨウカイ,フウジラレタヨウカイ
渡る者の途絶えた橋,,,4000,名詞,固有名詞,一般,*,*,*,渡る者の途絶えた橋,ワタルモノノトダエタハシ,ワタルモノノトダエタハシ
緑眼のジェラシー,,,4000,名詞,固有名詞,一般,*,*,*,緑眼のジェラシー,リョクガンノジェラシー,リョクガンノジェラシー
旧地獄街道を行く,,,4000,名詞,固有名詞,一般,*,*,*,旧地獄街道を行く,キュウジゴクカイドウヲイク,キュウジゴクカイドウヲイク
華のさかづき大江山,,,4000,名詞,固有名詞,一般,*,*,*,華のさかづき大江山,ハナノサカヅキオオエヤマ,ハナノサカヅキオオエヤマ
ハートフェルトファンシー,,,4000,名詞,固有名詞,一般,*,*,*,ハートフェルトファンシー,ハートフェルトファンシー,ハートフェルトファンシー
少女さとり　～ 3rd eye,,,4000,名詞,固有名詞,一般,*,*,*,少女さとり　～ 3rd eye,ショウジョサトリ,ショウジョサトリ
廃獄ララバイ,,,4000,名詞,固有名詞,一般,*,*,*,廃獄ララバイ,ハイゴクララバイ,ハイゴクララバイ
死体旅行　～ Be of good cheer!,,,4000,名詞,固有名詞,一般,*,*,*,死体旅行　～ Be of good cheer!,シタイリョコウ,シタイリョコウ
業火マントル,,,4000,名詞,固有名詞,一般,*,*,*,業火マントル,ゴウカマントル,ゴウカマントル
霊知の太陽信仰　～ Nuclear Fusion,,,4000,名詞,固有名詞,一般,*,*,*,霊知の太陽信仰　～ Nuclear Fusion,レイチノタイヨウシンコウ,レイチノタイヨウシンコウ
ラストリモート,,,4000,名詞,固有名詞,一般,*,*,*,ラストリモート,ラストリモート,ラストリモート
ハルトマンの妖怪少女,,,4000,名詞,固有名詞,一般,*,*,*,ハルトマンの妖怪少女,ハルトマンノヨウカイショウジョ,ハルトマンノヨウカイショウジョ
地霊達の帰宅,,,4000,名詞,固有名詞,一般,*,*,*,地霊達の帰宅,チレイタチノキタク,チレイタチノキタク
エネルギー黎明　～ Future Dream...,,,4000,名詞,固有名詞,一般,*,*,*,エネルギー黎明　～ Future Dream...,エネルギーレイメイ,エネルギーレイメイ
青空の影,,,4000,名詞,固有名詞,一般,*,*,*,青空の影,アオゾラノカゲ,アオゾラノカゲ
春の湊に,,,4000,名詞,固有名詞,一般,*,*,*,春の湊に,ハルノミナトニ,ハルノミナトニ
小さな小さな賢将,,,4000,名詞,固有名詞,一般,*,*,*,小さな小さな賢将,チイサナチイサナケンショウ,チイサナチイサナケンショウ
閉ざせし雲の通い路,,,4000,名詞,固有名詞,一般,*,*,*,閉ざせし雲の通い路,トザセシクモノカヨイジ,トザセシクモノカヨイジ
万年置き傘にご注意を,,,4000,名詞,固有名詞,一般,*,*,*,万年置き傘にご注意を,マンネンオキガサニゴチュウイヲ,マンネンオキガサニゴチュウイヲ
スカイルーイン,,,4000,名詞,固有名詞,一般,*,*,*,スカイルーイン,スカイルーイン,スカイルーイン
時代親父とハイカラ少女,,,4000,名詞,固有名詞,一般,*,*,*,時代親父とハイカラ少女,ジダイオヤジトハイカラショウジョ,ジダイオヤジトハイカラショウジョ
幽霊客船の時空を越えた旅,,,4000,名詞,固有名詞,一般,*,*,*,幽霊客船の時空を越えた旅,ユウレイカクセンノジクウヲコエタタビ,ユウレイカクセンノジクウヲコエタタビ
キャプテン・ムラサ,,,4000,名詞,固有名詞,一般,*,*,*,キャプテン・ムラサ,キャプテン・ムラサ,キャプテン・ムラサ
魔界地方都市エソテリア,,,4000,名詞,固有名詞,一般,*,*,*,魔界地方都市エソテリア,マカイチホウトシエソテリア,マカイチホウトシエソテリア
虎柄の毘沙門天,,,4000,名詞,固有名詞,一般,*,*,*,虎柄の毘沙門天,トラガラノビシャモンテン,トラガラノビシャモンテン
法界の火,,,4000,名詞,固有名詞,一般,*,*,*,法界の火,ホッカイノヒ,ホッカイノヒ
感情の摩天楼　～ Cosmic Mind,,,4000,名詞,固有名詞,一般,*,*,*,感情の摩天楼　～ Cosmic Mind,カンジョウノマテンロウ,カンジョウノマテンロウ
夜空のユーフォーロマンス,,,4000,名詞,固有名詞,一般,*,*,*,夜空のユーフォーロマンス,ヨゾラノユーフォーロマンス,ヨゾラノユーフォーロマンス
平安のエイリアン,,,4000,名詞,固有名詞,一般,*,*,*,平安のエイリアン,ヘイアンノエイリアン,ヘイアンノエイリアン
妖怪寺,,,4000,名詞,固有名詞,一般,*,*,*,妖怪寺,ヨウカイデラ,ヨウカイデラ
空の帰り道　～ Sky Dream,,,4000,名詞,固有名詞,一般,*,*,*,空の帰り道　～ Sky Dream,ソラノカエリミチ,ソラノカエリミチ
君はあの影を見たか,,,4000,名詞,固有名詞,一般,*,*,*,君はあの影を見たか,キミハアノカゲヲミタカ,キミハアノカゲヲミタカ
伝説の巨神,,,4000,名詞,固有名詞,一般,*,*,*,伝説の巨神,デンセツノキョジン,デンセツノキョジン
ぼくらの非想天則,,,4000,名詞,固有名詞,一般,*,*,*,ぼくらの非想天則,ボクラノヒソウテンソク,ボクラノヒソウテンソク
人形のある風景,,,4000,名詞,固有名詞,一般,*,*,*,人形のある風景,ニンギョウノアルフウケイ,ニンギョウノアルフウケイ
悠久の蒸気機関,,,4000,名詞,固有名詞,一般,*,*,*,悠久の蒸気機関,ユウキュウノジョウキキカン,ユウキュウノジョウキキカン
アンノウンX　～ Unfound Adventure,,,4000,名詞,固有名詞,一般,*,*,*,アンノウンX　～ Unfound Adventure,アンノウンエックス,アンノウンエックス
空に浮かぶ物体X,,,4000,名詞,固有名詞,一般,*,*,*,空に浮かぶ物体X,ソラニウカブブッタイエックス,ソラニウカブブッタイエックス
二色蓮花蝶　～ Ancients,,,4000,名詞,固有名詞,一般,*,*,*,二色蓮花蝶　～ Ancients,ニイルレンカチョウ,ニイルレンカチョウ
伝説の巨神,,,4000,名詞,固有名詞,一般,*,*,*,伝説の巨神,デンセツノキョシン,デンセツノキョシン
巨大な影と小さな結末,,,4000,名詞,固有名詞,一般,*,*,*,巨大な影と小さな結末,キョダイナカゲトチイサナケツマツ,キョダイナカゲトチイサナケツマツ
ニュースハウンド,,,4000,名詞,固有名詞,一般,*,*,*,ニュースハウンド,ニュースハウンド,ニュースハウンド
あなたの町の怪事件,,,4000,名詞,固有名詞,一般,*,*,*,あなたの町の怪事件,アナタノマチノカイジケン,アナタノマチノカイジケン
妖怪モダンコロニー,,,4000,名詞,固有名詞,一般,*,*,*,妖怪モダンコロニー,ヨウカイモダンコロニー,ヨウカイモダンコロニー
ネメシスの要塞,,,4000,名詞,固有名詞,一般,*,*,*,ネメシスの要塞,ネメシスノヨウサイ,ネメシスノヨウサイ
無間の鐘　～ Infinite Nightmare,,,4000,名詞,固有名詞,一般,*,*,*,無間の鐘　～ Infinite Nightmare,ムケンノカネ,ムケンノカネ
春の氷精,,,4000,名詞,固有名詞,一般,*,*,*,春の氷精,ハルノヒョウセイ,ハルノヒョウセイ
可愛い大戦争のリフレーン,,,4000,名詞,固有名詞,一般,*,*,*,可愛い大戦争のリフレーン,カワイイダイセンソウノリフレーン,カワイイダイセンソウノリフレーン
いたずらに命をかけて,,,4000,名詞,固有名詞,一般,*,*,*,いたずらに命をかけて,イタズラニイノチヲカケテ,イタズラニイノチヲカケテ
年中夢中の好奇心,,,4000,名詞,固有名詞,一般,*,*,*,年中夢中の好奇心,ネンジュウムチュウノコウキシン,ネンジュウムチュウノコウキシン
真夜中のフェアリーダンス,,,4000,名詞,固有名詞,一般,*,*,*,真夜中のフェアリーダンス,マヨナカノフェアリーダンス,マヨナカノフェアリーダンス
妖精大戦争　～ Fairy Wars,,,4000,名詞,固有名詞,一般,*,*,*,妖精大戦争　～ Fairy Wars,ヨウセイダイセンソウ,ヨウセイダイセンソウ
ルーズレイン,,,4000,名詞,固有名詞,一般,*,*,*,ルーズレイン,ルーズレイン,ルーズレイン
メイガスナイト,,,4000,名詞,固有名詞,一般,*,*,*,メイガスナイト,メイガスナイト,メイガスナイト
春の氷精　- 静 -,,,4000,名詞,固有名詞,一般,*,*,*,春の氷精　- 静 -,ハルノヒョウセイ,ハルノヒョウセイ
欲深き霊魂,,,4000,名詞,固有名詞,一般,*,*,*,欲深き霊魂,ヨクブカキレイコン,ヨクブカキレイコン
死霊の夜桜,,,4000,名詞,固有名詞,一般,*,*,*,死霊の夜桜,シリョウノヨザクラ,シリョウノヨザクラ
ゴーストリード,,,4000,名詞,固有名詞,一般,*,*,*,ゴーストリード,ゴーストリード,ゴーストリード
妖怪寺へようこそ,,,4000,名詞,固有名詞,一般,*,*,*,妖怪寺へようこそ,ヨウカイデラヘヨウコソ,ヨウカイデラヘヨウコソ
門前の妖怪小娘,,,4000,名詞,固有名詞,一般,*,*,*,門前の妖怪小娘,モンゼンノヨウカイコムスメ,モンゼンノヨウカイコムスメ
素敵な墓場で暮しましょ,,,4000,名詞,固有名詞,一般,*,*,*,素敵な墓場で暮しましょ,ステキナハカバデクラシマショ,ステキナハカバデクラシマショ
リジッドパラダイス,,,4000,名詞,固有名詞,一般,*,*,*,リジッドパラダイス,リジッドパラダイス,リジッドパラダイス
デザイアドライブ,,,4000,名詞,固有名詞,一般,*,*,*,デザイアドライブ,デザイアドライブ,デザイアドライブ
古きユアンシェン,,,4000,名詞,固有名詞,一般,*,*,*,古きユアンシェン,フルキユアンシェン,フルキユアンシェン
夢殿大祀廟,,,4000,名詞,固有名詞,一般,*,*,*,夢殿大祀廟,ユメドノダイシビョウ,ユメドノダイシビョウ
大神神話伝,,,4000,名詞,固有名詞,一般,*,*,*,大神神話伝,オオミワシンワデン,オオミワシンワデン
小さな欲望の星空,,,4000,名詞,固有名詞,一般,*,*,*,小さな欲望の星空,チイサナヨクボウノホシゾラ,チイサナヨクボウノホシゾラ
聖徳伝説　～ True Administrator,,,4000,名詞,固有名詞,一般,*,*,*,聖徳伝説　～ True Administrator,ショウトクデンセツ,ショウトクデンセツ
妖怪裏参道,,,4000,名詞,固有名詞,一般,*,*,*,妖怪裏参道,ヨウカイウラサンドウ,ヨウカイウラサンドウ
佐渡の二ッ岩,,,4000,名詞,固有名詞,一般,*,*,*,佐渡の二ッ岩,サドノフタツイワ,サドノフタツイワ
神社の新しい風,,,4000,名詞,固有名詞,一般,*,*,*,神社の新しい風,ジンジャノアタラシイカゼ,ジンジャノアタラシイカゼ
デザイアドリーム,,,4000,名詞,固有名詞,一般,*,*,*,デザイアドリーム,デザイアドリーム,デザイアドリーム
幻想郷の二ッ岩,,,4000,名詞,固有名詞,一般,*,*,*,幻想郷の二ッ岩,ゲンソウキョウノフタツイワ,ゲンソウキョウノフタツイワ
亡失のエモーション,,,4000,名詞,固有名詞,一般,*,*,*,亡失のエモーション,ボウシツノエモーション,ボウシツノエモーション
塵界不変のペシミズム,,,4000,名詞,固有名詞,一般,*,*,*,塵界不変のペシミズム,ジンカイフヘンノペシミズム,ジンカイフヘンノペシミズム
心綺楼囃子,,,4000,名詞,固有名詞,一般,*,*,*,心綺楼囃子,シンキロウバヤシ,シンキロウバヤシ
人気のある場所,,,4000,名詞,固有名詞,一般,*,*,*,人気のある場所,ヒトケノアルバショ,ヒトケノアルバショ
人気のない場所,,,4000,名詞,固有名詞,一般,*,*,*,人気のない場所,ヒトケノナイバショ,ヒトケノナイバショ
丑三つ時の里,,,4000,名詞,固有名詞,一般,*,*,*,丑三つ時の里,ウシミツドキノサト,ウシミツドキノサト
本日の一面記事,,,4000,名詞,固有名詞,一般,*,*,*,本日の一面記事,ホンジツノイチメンキジ,ホンジツノイチメンキジ
暁雲,,,4000,名詞,固有名詞,一般,*,*,*,暁雲,ギョウウン,ギョウウン
官板黄昏新聞,,,4000,名詞,固有名詞,一般,*,*,*,官板黄昏新聞,カンパンタソガレシンブン,カンパンタソガレシンブン
不思議なお祓い棒,,,4000,名詞,固有名詞,一般,*,*,*,不思議なお祓い棒,フシギナオハライボウ,フシギナオハライボウ
ミストレイク,,,4000,名詞,固有名詞,一般,*,*,*,ミストレイク,ミストレイク,ミストレイク
秘境のマーメイド,,,4000,名詞,固有名詞,一般,*,*,*,秘境のマーメイド,ヒキョウノマーメイド,ヒキョウノマーメイド
運河を行き交う人妖,,,4000,名詞,固有名詞,一般,*,*,*,運河を行き交う人妖,ウンガヲイキカウジンヨウ,ウンガヲイキカウジンヨウ
柳の下のデュラハン,,,4000,名詞,固有名詞,一般,*,*,*,柳の下のデュラハン,ヤナギノシタノデュラハン,ヤナギノシタノデュラハン
満月の竹林,,,4000,名詞,固有名詞,一般,*,*,*,満月の竹林,マンゲツノチクリン,マンゲツノチクリン
孤独なウェアウルフ,,,4000,名詞,固有名詞,一般,*,*,*,孤独なウェアウルフ,コドクナウェアウルフ,コドクナウェアウルフ
マジカルストーム,,,4000,名詞,固有名詞,一般,*,*,*,マジカルストーム,マジカルストーム,マジカルストーム
幻想浄瑠璃,,,4000,名詞,固有名詞,一般,*,*,*,幻想浄瑠璃,ゲンソウジョウルリ,ゲンソウジョウルリ
空中に沈む輝針城,,,4000,名詞,固有名詞,一般,*,*,*,空中に沈む輝針城,クウチュウニシズムキシンジョウ,クウチュウニシズムキシンジョウ
リバースイデオロギー,,,4000,名詞,固有名詞,一般,*,*,*,リバースイデオロギー,リバースイデオロギー,リバースイデオロギー
針小棒大の天守閣,,,4000,名詞,固有名詞,一般,*,*,*,針小棒大の天守閣,シンショウボウダイノテンシュカク,シンショウボウダイノテンシュカク
輝く針の小人族　～ Little Princess,,,4000,名詞,固有名詞,一般,*,*,*,輝く針の小人族　～ Little Princess,カガヤクハリノコビトゾク,カガヤクハリノコビトゾク
魔力の雷雲,,,4000,名詞,固有名詞,一般,*,*,*,魔力の雷雲,マリョクノライウン,マリョクノライウン
始原のビート　～ Prinstine Beat,,,4000,名詞,固有名詞,一般,*,*,*,始原のビート　～ Prinstine Beat,シゲンノビート,シゲンノビート
小槌の魔力,,,4000,名詞,固有名詞,一般,*,*,*,小槌の魔力,コヅチノマリョク,コヅチノマリョク
不思議な不思議な道具達,,,4000,名詞,固有名詞,一般,*,*,*,不思議な不思議な道具達,フシギナフシギナドウグタチ,フシギナフシギナドウグタチ
反則の狼煙を上げろ,,,4000,名詞,固有名詞,一般,*,*,*,反則の狼煙を上げろ,ハンソクノノロシヲアゲロ,ハンソクノノロシヲアゲロ
不可能弾幕には反則を,,,4000,名詞,固有名詞,一般,*,*,*,不可能弾幕には反則を,フカノウダンマクニハハンソクヲ,フカノウダンマクニハハンソクヲ
ミッドナイトスペルカード,,,4000,名詞,固有名詞,一般,*,*,*,ミッドナイトスペルカード,ミッドナイトスペルカード,ミッドナイトスペルカード
ロマンチック逃飛行,,,4000,名詞,固有名詞,一般,*,*,*,ロマンチック逃飛行,ロマンチックトウヒコウ,ロマンチックトウヒコウ
永遠の三日天下,,,4000,名詞,固有名詞,一般,*,*,*,永遠の三日天下,エイエンノミッカテンカ,エイエンノミッカテンカ
心揺さぶる都市伝説,,,4000,名詞,固有名詞,一般,*,*,*,心揺さぶる都市伝説,ココロユサブルトシデンセツ,ココロユサブルトシデンセツ
幻想郷ふしぎ発見,,,4000,名詞,固有名詞,一般,*,*,*,幻想郷ふしぎ発見,ゲンソウキョウフシギハッケン,ゲンソウキョウフシギハッケン
ボールのある日常,,,4000,名詞,固有名詞,一般,*,*,*,ボールのある日常,ボールノアルニチジョウ,ボールノアルニチジョウ
顕現した伝承の形,,,4000,名詞,固有名詞,一般,*,*,*,顕現した伝承の形,ケンゲンシタデンショウノカタチ,ケンゲンシタデンショウノカタチ
時代の風の訪れ,,,4000,名詞,固有名詞,一般,*,*,*,時代の風の訪れ,ジダイノカゼノオトズレ,ジダイノカゼノオトズレ
価値がわからない,,,4000,名詞,固有名詞,一般,*,*,*,価値がわからない,カチガワカラナイ,カチガワカラナイ
可能性を信じて,,,4000,名詞,固有名詞,一般,*,*,*,可能性を信じて,カノウセイヲシンジテ,カノウセイヲシンジテ
真実を知る者,,,4000,名詞,固有名詞,一般,*,*,*,真実を知る者,シンジツヲシルモノ,シンジツヲシルモノ
外界フォークロア,,,4000,名詞,固有名詞,一般,*,*,*,外界フォークロア,ガイカイフォークロア,ガイカイフォークロア
各々の結末,,,4000,名詞,固有名詞,一般,*,*,*,各々の結末,オノオノノケツマツ,オノオノノケツマツ
明かされる深秘,,,4000,名詞,固有名詞,一般,*,*,*,明かされる深秘,アカサレルシンピ,アカサレルシンピ
オカルトアラカルト,,,4000,名詞,固有名詞,一般,*,*,*,オカルトアラカルト,オカルトアラカルト,オカルトアラカルト
七玉蒐集ショウダウン,,,4000,名詞,固有名詞,一般,*,*,*,七玉蒐集ショウダウン,シチギョクシュウシュウショウダウン,シチギョクシュウシュウショウダウン
公正なる奪い合い,,,4000,名詞,固有名詞,一般,*,*,*,公正なる奪い合い,コウセイナルウバイアイ,コウセイナルウバイアイ
対蹠地の鐘,,,4000,名詞,固有名詞,一般,*,*,*,対蹠地の鐘,タイセキチノカネ,タイセキチノカネ
竹林インフレイム,,,4000,名詞,固有名詞,一般,*,*,*,竹林インフレイム,チクリンインフレイム,チクリンインフレイム
華狭間のバトルフィールド,,,4000,名詞,固有名詞,一般,*,*,*,華狭間のバトルフィールド,ハナザマノバトルフィールド,ハナザマノバトルフィールド
ラストオカルティズム　～ 現し世の秘術師,,,4000,名詞,固有名詞,一般,*,*,*,ラストオカルティズム　～ 現し世の秘術師,ラストオカルティズム,ラストオカルティズム
宇宙巫女現る,,,4000,名詞,固有名詞,一般,*,*,*,宇宙巫女現る,ウチュウミコアラワル,ウチュウミコアラワル
忘れがたき、よすがの緑,,,4000,名詞,固有名詞,一般,*,*,*,忘れがたき、よすがの緑,ワスレガタキヨスガノミドリ,ワスレガタキヨスガノミドリ
兎は舞い降りた,,,4000,名詞,固有名詞,一般,*,*,*,兎は舞い降りた,ウサギハマイオリタ,ウサギハマイオリタ
湖は浄めの月光を映して,,,4000,名詞,固有名詞,一般,*,*,*,湖は浄めの月光を映して,ミズウミハキヨメノゲッコウヲウツシテ,ミズウミハキヨメノゲッコウヲウツシテ
九月のパンプキン,,,4000,名詞,固有名詞,一般,*,*,*,九月のパンプキン,クガツノパンプキン,クガツノパンプキン
宇宙を飛ぶ不思議な巫女,,,4000,名詞,固有名詞,一般,*,*,*,宇宙を飛ぶ不思議な巫女,ウチュウヲトブフシギナミコ,ウチュウヲトブフシギナミコ
永遠の春夢,,,4000,名詞,固有名詞,一般,*,*,*,永遠の春夢,エイエンノシュンム,エイエンノシュンム
凍り付いた永遠の都,,,4000,名詞,固有名詞,一般,*,*,*,凍り付いた永遠の都,コオリツイタエイエンノミヤコ,コオリツイタエイエンノミヤコ
逆転するホイールオブフォーチュン,,,4000,名詞,固有名詞,一般,*,*,*,逆転するホイールオブフォーチュン,ギャクテンスルホイールオブフォーチュン,ギャクテンスルホイールオブフォーチュン
遥か３８万キロのボヤージュ,,,4000,名詞,固有名詞,一般,*,*,*,遥か３８万キロのボヤージュ,ハルカサンジュウマンキロノボヤージュ,ハルカサンジュウマンキロノボヤージュ
星条旗のピエロ,,,4000,名詞,固有名詞,一般,*,*,*,星条旗のピエロ,セイジョウキノピエロ,セイジョウキノピエロ
故郷の星が映る海,,,4000,名詞,固有名詞,一般,*,*,*,故郷の星が映る海,コキョウノホシガウツルウミ,コキョウノホシガウツルウミ
ピュアヒューリーズ　～ 心の在処,,,4000,名詞,固有名詞,一般,*,*,*,ピュアヒューリーズ　～ 心の在処,ピュアヒューリーズ,ピュアヒューリーズ
見た事も無い悪夢の世界,,,4000,名詞,固有名詞,一般,*,*,*,見た事も無い悪夢の世界,ミタコトモナイアクムノセカイ,ミタコトモナイアクムノセカイ
パンデモニックプラネット,,,4000,名詞,固有名詞,一般,*,*,*,パンデモニックプラネット,パンデモニックプラネット,パンデモニックプラネット
神社から見える月,,,4000,名詞,固有名詞,一般,*,*,*,神社から見える月,ジンジャカラミエルツキ,ジンジャカラミエルツキ
宇宙巫女帰還する,,,4000,名詞,固有名詞,一般,*,*,*,宇宙巫女帰還する,ウチュウミコキカンスル,ウチュウミコキカンスル
桜舞い散る天空,,,4000,名詞,固有名詞,一般,*,*,*,桜舞い散る天空,サクラマイチルテンクウ,サクラマイチルテンクウ
希望の星は青霄に昇る,,,4000,名詞,固有名詞,一般,*,*,*,希望の星は青霄に昇る,キボウノホシハセイショウニノボル,キボウノホシハセイショウニノボル
真夏の妖精の夢,,,4000,名詞,固有名詞,一般,*,*,*,真夏の妖精の夢,マナツノヨウセイノユメ,マナツノヨウセイノユメ
色無き風は妖怪の山に,,,4000,名詞,固有名詞,一般,*,*,*,色無き風は妖怪の山に,イロナキカゼハヨウカイノヤマニ,イロナキカゼハヨウカイノヤマニ
山奥のエンカウンター,,,4000,名詞,固有名詞,一般,*,*,*,山奥のエンカウンター,ヤマオクノエンカウンター,ヤマオクノエンカウンター
桜色の海を泳いで,,,4000,名詞,固有名詞,一般,*,*,*,桜色の海を泳いで,サクライロノウミヲオヨイデ,サクライロノウミヲオヨイデ
一対の神獣,,,4000,名詞,固有名詞,一般,*,*,*,一対の神獣,イッツイノシンジュウ,イッツイノシンジュウ
幻想のホワイトトラベラー,,,4000,名詞,固有名詞,一般,*,*,*,幻想のホワイトトラベラー,ゲンソウノホワイトトラベラー,ゲンソウノホワイトトラベラー
魔法の傘地蔵,,,4000,名詞,固有名詞,一般,*,*,*,魔法の傘地蔵,マホウノカサジゾウ,マホウノカサジゾウ
禁断の扉の向こうは、この世かあの世か,,,4000,名詞,固有名詞,一般,*,*,*,禁断の扉の向こうは、この世かあの世か,キンダンノトビラノムコウハコノヨカアノヨカ,キンダンノトビラノムコウハコノヨカアノヨカ
クレイジーバックダンサーズ,,,4000,名詞,固有名詞,一般,*,*,*,クレイジーバックダンサーズ,クレイジーバックダンサーズ,クレイジーバックダンサーズ
イントゥ・バックドア,,,4000,名詞,固有名詞,一般,*,*,*,イントゥ・バックドア,イントゥバックドア,イントゥバックドア
秘匿されたフォーシーズンズ,,,4000,名詞,固有名詞,一般,*,*,*,秘匿されたフォーシーズンズ,ヒトクサレタフォーシーズンズ,ヒトクサレタフォーシーズンズ
もうドアには入れない,,,4000,名詞,固有名詞,一般,*,*,*,もうドアには入れない,モウドアニハハイレナイ,モウドアニハハイレナイ
秘神マターラ　〜 Hidden Star in All Seasons.,,,4000,名詞,固有名詞,一般,*,*,*,秘神マターラ　〜 Hidden Star in All Seasons.,ヒシンマターラ,ヒシンマターラ
不自然な自然,,,4000,名詞,固有名詞,一般,*,*,*,不自然な自然,フシゼンナシゼン,フシゼンナシゼン
白い旅人,,,4000,名詞,固有名詞,一般,*,*,*,白い旅人,シロイタビビト,シロイタビビト
蓬莱伝説,,,4000,名詞,固有名詞,一般,*,*,*,蓬莱伝説,ホウライデンセツ,ホウライデンセツ
二色蓮花蝶　～ Red and White,,,4000,名詞,固有名詞,一般,*,*,*,二色蓮花蝶　～ Red and White,ニイルレンカチョウ,ニイルレンカチョウ
桜花之恋塚　～ Japanese Flower,,,4000,名詞,固有名詞,一般,*,*,*,桜花之恋塚　～ Japanese Flower,オウカノコイヅカ,オウカノコイヅカ
エニグマティクドール,,,4000,名詞,固有名詞,一般,*,*,*,エニグマティクドール,エニグマティクドール,エニグマティクドール
サーカスレヴァリエ,,,4000,名詞,固有名詞,一般,*,*,*,サーカスレヴァリエ,サーカスレヴァリエ,サーカスレヴァリエ
人形の森,,,4000,名詞,固有名詞,一般,*,*,*,人形の森,ニンギョウノモリ,ニンギョウノモリ
Witch of Love Potion,,,4000,名詞,固有名詞,一般,*,*,*,Witch of Love Potion,ウィッチオブラブポーション,ウィッチオブラブポーション
リーインカーネイション,,,4000,名詞,固有名詞,一般,*,*,*,リーインカーネイション,リーインカーネイション,リーインカーネイション
空飛ぶ巫女の不思議な毎日,,,4000,名詞,固有名詞,一般,*,*,*,空飛ぶ巫女の不思議な毎日,ソラトブミコノフシギナマイニチ,ソラトブミコノフシギナマイニチ
夜のデンデラ野を逝く,,,4000,名詞,固有名詞,一般,*,*,*,夜のデンデラ野を逝く,ヨルノデンデラノヲユク,ヨルノデンデラノヲユク
少女秘封倶楽部,,,4000,名詞,固有名詞,一般,*,*,*,少女秘封倶楽部,ショウジョヒフウクラブ,ショウジョヒフウクラブ
古の冥界寺,,,4000,名詞,固有名詞,一般,*,*,*,古の冥界寺,イニシエノメイカイデラ,イニシエノメイカイデラ
魔術師メリー,,,4000,名詞,固有名詞,一般,*,*,*,魔術師メリー,マジュツシメリー,マジュツシメリー
月の妖鳥、化猫の幻,,,4000,名詞,固有名詞,一般,*,*,*,月の妖鳥、化猫の幻,ツキノヨウチョウバケネコノマボロシ,ツキノヨウチョウバケネコノマボロシ
過去の花　～ Fairy of Flower,,,4000,名詞,固有名詞,一般,*,*,*,過去の花　～ Fairy of Flower,カコノハナ,カコノハナ
魔法少女十字軍,,,4000,名詞,固有名詞,一般,*,*,*,魔法少女十字軍,マホウショウジョジュウジグン,マホウショウジョジュウジグン
幻想の永遠祭,,,4000,名詞,固有名詞,一般,*,*,*,幻想の永遠祭,ゲンソウノエイエンサイ,ゲンソウノエイエンサイ
童祭　～ Innocent Treasures,,,4000,名詞,固有名詞,一般,*,*,*,童祭　～ Innocent Treasures,ワラベマツリ,ワラベマツリ
華胥の夢,,,4000,名詞,固有名詞,一般,*,*,*,華胥の夢,カショノユメ,カショノユメ
科学世紀の少年少女,,,4000,名詞,固有名詞,一般,*,*,*,科学世紀の少年少女,カガクセイキノショウネンショウジョ,カガクセイキノショウネンショウジョ
永夜の報い　～ Imperishable Night,,,4000,名詞,固有名詞,一般,*,*,*,永夜の報い　～ Imperishable Night,エイヤノムクイ,エイヤノムクイ
夢と現の境界,,,4000,名詞,固有名詞,一般,*,*,*,夢と現の境界,ユメトウツツノキョウカイ,ユメトウツツノキョウカイ
幻想機械　～ Phantom Factory,,,4000,名詞,固有名詞,一般,*,*,*,幻想機械　～ Phantom Factory,ゲンソウキカイ,ゲンソウキカイ
幽玄の槭樹　～ Eternal Dream,,,4000,名詞,固有名詞,一般,*,*,*,幽玄の槭樹　～ Eternal Dream,ユウゲンノカエデ,ユウゲンノカエデ
ヒロシゲ36号　～ Neo Super-Express,,,4000,名詞,固有名詞,一般,*,*,*,ヒロシゲ36号　～ Neo Super-Express,ヒロシゲサンジュウロクゴウ,ヒロシゲサンジュウロクゴウ
53ミニッツの青い海,,,4000,名詞,固有名詞,一般,*,*,*,53ミニッツの青い海,ゴジュウサンミニッツノアオイウミ,ゴジュウサンミニッツノアオイウミ
青木ヶ原の伝説,,,4000,名詞,固有名詞,一般,*,*,*,青木ヶ原の伝説,アオキガハラノデンセツ,アオキガハラノデンセツ
最も澄みわたる空と海,,,4000,名詞,固有名詞,一般,*,*,*,最も澄みわたる空と海,モットモスミワタルソラトウミ,モットモスミワタルソラトウミ
月面ツアーへようこそ,,,4000,名詞,固有名詞,一般,*,*,*,月面ツアーへようこそ,ゲツメンツアーヘヨウコソ,ゲツメンツアーヘヨウコソ
天空のグリニッジ,,,4000,名詞,固有名詞,一般,*,*,*,天空のグリニッジ,テンクウノグリニッジ,テンクウノグリニッジ
車椅子の未来宇宙,,,4000,名詞,固有名詞,一般,*,*,*,車椅子の未来宇宙,クルマイスノミライウチュウ,クルマイスノミライウチュウ
衛星カフェテラス,,,4000,名詞,固有名詞,一般,*,*,*,衛星カフェテラス,エイセイカフェテラス,エイセイカフェテラス
G Free,,,4000,名詞,固有名詞,一般,*,*,*,G Free,ジーフリー,ジーフリー
大空魔術　～ Magical Astronomy,,,4000,名詞,固有名詞,一般,*,*,*,大空魔術　～ Magical Astronomy,オオゾラマジュツ,オオゾラマジュツ
向こう側の月,,,4000,名詞,固有名詞,一般,*,*,*,向こう側の月,ムコウガワノツキ,ムコウガワノツキ
Gの向こう,,,4000,名詞,固有名詞,一般,*,*,*,Gの向こう,ジーノムコウ,ジーノムコウ
未知の花　魅知の旅,,,4000,名詞,固有名詞,一般,*,*,*,未知の花　魅知の旅,ミチノハナミチノタビ,ミチノハナミチノタビ
衛星トリフネ,,,4000,名詞,固有名詞,一般,*,*,*,衛星トリフネ,エイセイトリフネ,エイセイトリフネ
トロヤ群の密林,,,4000,名詞,固有名詞,一般,*,*,*,トロヤ群の密林,トロヤグンノミツリン,トロヤグンノミツリン
フェアリー冒険譚,,,4000,名詞,固有名詞,一般,*,*,*,フェアリー冒険譚,フェアリーボウケンタン,フェアリーボウケンタン
天鳥船神社,,,4000,名詞,固有名詞,一般,*,*,*,天鳥船神社,アメノトリフネジンジャ,アメノトリフネジンジャ
天鳥船神社の結界,,,4000,名詞,固有名詞,一般,*,*,*,天鳥船神社の結界,アメノトリフネジンジャノケッカイ,アメノトリフネジンジャノケッカイ
宇宙に浮かぶ幻想郷,,,4000,名詞,固有名詞,一般,*,*,*,宇宙に浮かぶ幻想郷,ウチュウニウカブゲンソウキョウ,ウチュウニウカブゲンソウキョウ
緑のサナトリウム,,,4000,名詞,固有名詞,一般,*,*,*,緑のサナトリウム,ミドリノサナトリウム,ミドリノサナトリウム
牛に引かれて善光寺参り,,,4000,名詞,固有名詞,一般,*,*,*,牛に引かれて善光寺参り,ウシニヒカレテゼンコウジマイリ,ウシニヒカレテゼンコウジマイリ
アガルタの風,,,4000,名詞,固有名詞,一般,*,*,*,アガルタの風,アガルタノカゼ,アガルタノカゼ
イザナギオブジェクト,,,4000,名詞,固有名詞,一般,*,*,*,イザナギオブジェクト,イザナギオブジェクト,イザナギオブジェクト
日本中の不思議を集めて,,,4000,名詞,固有名詞,一般,*,*,*,日本中の不思議を集めて,ニホンジュウノフシギヲアツメテ,ニホンジュウノフシギヲアツメテ
他愛も無い二人の博物誌,,,4000,名詞,固有名詞,一般,*,*,*,他愛も無い二人の博物誌,タアイモナイフタリノハクブツシ,タアイモナイフタリノハクブツシ
Dr.レイテンシーの眠れなくなる瞳,,,4000,名詞,固有名詞,一般,*,*,*,Dr.レイテンシーの眠れなくなる瞳,ドクターレイテンシーノネムレナクナルヒトミ,ドクターレイテンシーノネムレナクナルヒトミ
須臾はプランクを超えて,,,4000,名詞,固有名詞,一般,*,*,*,須臾はプランクを超えて,シュユハプランクヲコエテ,シュユハプランクヲコエテ
シュレディンガーの化猫,,,4000,名詞,固有名詞,一般,*,*,*,シュレディンガーの化猫,シュレディンガーノバケネコ,シュレディンガーノバケネコ
禁忌の膜壁,,,4000,名詞,固有名詞,一般,*,*,*,禁忌の膜壁,キンキノマクヘキ,キンキノマクヘキ
バー・オールドアダム,,,4000,名詞,固有名詞,一般,*,*,*,バー・オールドアダム,バー・オールドアダム,バー・オールドアダム
燕石博物誌が連れてきた闇,,,4000,名詞,固有名詞,一般,*,*,*,燕石博物誌が連れてきた闇,エンセキハクブツシガツレテキタヤミ,エンセキハクブツシガツレテキタヤミ
アウトサイダーカクテル,,,4000,名詞,固有名詞,一般,*,*,*,アウトサイダーカクテル,アウトサイダーカクテル,アウトサイダーカクテル
旧世界の冒険酒場,,,4000,名詞,固有名詞,一般,*,*,*,旧世界の冒険酒場,キュウセカイノボウケンサカバ,キュウセカイノボウケンサカバ
二日酔いの同床異夢,,,4000,名詞,固有名詞,一般,*,*,*,二日酔いの同床異夢,フツカヨイノドウショウイム,フツカヨイノドウショウイム
バー・オールドアダム,,,4000,名詞,固有名詞,一般,*,*,*,バー・オールドアダム,バーオールドアダム,バーオールドアダム
花映塚　～ after Higan Retour,,,4000,名詞,固有名詞,一般,*,*,*,花映塚　～ after Higan Retour,カエイヅカ,カエイヅカ
ジャパニーズサーガ,,,4000,名詞,固有名詞,一般,*,*,*,ジャパニーズサーガ,ジャパニーズサーガ,ジャパニーズサーガ
阿礼の子供,,,4000,名詞,固有名詞,一般,*,*,*,阿礼の子供,アレノコドモ,アレノコドモ
夜の鳩山を飛ぶ　-Power MIX,,,4000,名詞,固有名詞,一般,*,*,*,夜の鳩山を飛ぶ　-Power MIX,ヨルノハトヤマヲトブ,ヨルノハトヤマヲトブ
サニールチルフレクション,,,4000,名詞,固有名詞,一般,*,*,*,サニールチルフレクション,サニールチルフレクション,サニールチルフレクション
夜だから眠れない,,,4000,名詞,固有名詞,一般,*,*,*,夜だから眠れない,ヨルダカラネムレナイ,ヨルダカラネムレナイ
妖精燦々として,,,4000,名詞,固有名詞,一般,*,*,*,妖精燦々として,ヨウセイサンサントシテ,ヨウセイサンサントシテ
サニーミルクの紅霧異変,,,4000,名詞,固有名詞,一般,*,*,*,サニーミルクの紅霧異変,サニーミルクノコウムイヘン,サニーミルクノコウムイヘン
雪月桜花の国,,,4000,名詞,固有名詞,一般,*,*,*,雪月桜花の国,セツゲツオウカノクニ,セツゲツオウカノクニ
スターヴォヤージュ2008,,,4000,名詞,固有名詞,一般,*,*,*,スターヴォヤージュ2008,スターゔォヤージュ2008,スターゔォヤージュニセンハチ
二つの世界,,,4000,名詞,固有名詞,一般,*,*,*,二つの世界,フタツノセカイ,フタツノセカイ
神域のかくれんぼ暮らし,,,4000,名詞,固有名詞,一般,*,*,*,神域のかくれんぼ暮らし,シンイキノカクレンボクラシ,シンイキノカクレンボクラシ
妖怪宇宙旅行,,,4000,名詞,固有名詞,一般,*,*,*,妖怪宇宙旅行,ヨウカイウチュウリョコウ,ヨウカイウチュウリョコウ
綿月のスペルカード　～ Lunatic Blue,,,4000,名詞,固有名詞,一般,*,*,*,綿月のスペルカード　～ Lunatic Blue,ワタツキノスペルカード,ワタツキノスペルカード
呑んべぇのレムリア (Retro Ver),,,4000,名詞,固有名詞,一般,*,*,*,呑んべぇのレムリア (Retro Ver),ノンベェノレムリア,ノンベェノレムリア
魔法使いの憂鬱,,,4000,名詞,固有名詞,一般,*,*,*,魔法使いの憂鬱,マホウツカイノユウウツ,マホウツカイノユウウツ
スプートニク幻夜,,,4000,名詞,固有名詞,一般,*,*,*,スプートニク幻夜,スプートニクゲンヤ,スプートニクゲンヤ
秋霜玉　～ Clockworks,,,4000,名詞,固有名詞,一般,*,*,*,秋霜玉　～ Clockworks,シュウソウギョク,シュウソウギョク
フォルスストロベリー,,,4000,名詞,固有名詞,一般,*,*,*,フォルスストロベリー,フォルスストロベリー,フォルスストロベリー
プリムローズシヴァ,,,4000,名詞,固有名詞,一般,*,*,*,プリムローズシヴァ,プリムローズシゔァ,プリムローズシゔァ
幻想帝都,,,4000,名詞,固有名詞,一般,*,*,*,幻想帝都,ゲンソウテイト,ゲンソウテイト
ディザストラスジェミニ,,,4000,名詞,固有名詞,一般,*,*,*,ディザストラスジェミニ,ディザストラスジェミニ,ディザストラスジェミニ
華の幻想　紅夢の宙,,,4000,名詞,固有名詞,一般,*,*,*,華の幻想　紅夢の宙,ハナノゲンソウコウムノソラ,ハナノゲンソウコウムノソラ
天空アーミー,,,4000,名詞,固有名詞,一般,*,*,*,天空アーミー,テンクウアーミー,テンクウアーミー
機械サーカス　～ Reverie,,,4000,名詞,固有名詞,一般,*,*,*,機械サーカス　～ Reverie,キカイサーカス,キカイサーカス
カナベラルの夢幻少女,,,4000,名詞,固有名詞,一般,*,*,*,カナベラルの夢幻少女,カナベラルノムゲンショウジョ,カナベラルノムゲンショウジョ
アンティークテラー,,,4000,名詞,固有名詞,一般,*,*,*,アンティークテラー,アンティークテラー,アンティークテラー
夢機械　～ Innocent Power,,,4000,名詞,固有名詞,一般,*,*,*,夢機械　～ Innocent Power,ユメキカイ,ユメキカイ
幻想科学　～ Doll's Phantom,,,4000,名詞,固有名詞,一般,*,*,*,幻想科学　～ Doll's Phantom,ゲンソウカガク,ゲンソウカガク
少女神性　～ Pandora's Box,,,4000,名詞,固有名詞,一般,*,*,*,少女神性　～ Pandora's Box,ショウジョシンセイ,ショウジョシンセイ
シルクロードアリス,,,4000,名詞,固有名詞,一般,*,*,*,シルクロードアリス,シルクロードアリス,シルクロードアリス
魔女達の舞踏会　～ Magus,,,4000,名詞,固有名詞,一般,*,*,*,魔女達の舞踏会　～ Magus,マジョタチノブトウカイ,マジョタチノブトウカイ
ハーセルヴズ,,,4000,名詞,固有名詞,一般,*,*,*,ハーセルヴズ,ハーセルウズ,ハーセルウズ
タイトルドメイド,,,4000,名詞,固有名詞,一般,*,*,*,タイトルドメイド,タイトルドメイド,タイトルドメイド
華の幻想　紅夢の宙,,,4000,名詞,固有名詞,一般,*,*,*,華の幻想　紅夢の宙,ハナノゲンソウ,ハナノゲンソウ
稀翁玉　～ Fairy Dance,,,4000,名詞,固有名詞,一般,*,*,*,稀翁玉　～ Fairy Dance,キオウギョク,キオウギョク
天鵞絨少女戦　～ Velvet Battle,,,4000,名詞,固有名詞,一般,*,*,*,天鵞絨少女戦　～ Velvet Battle,ビロオドショウジョセン,ビロオドショウジョセン
Castle Explorer -in the Sky-,,,4000,名詞,固有名詞,一般,*,*,*,Castle Explorer -in the Sky-,キャッスルエクスプローラ,キャッスルエクスプローラ
オルフェの詩　～ Pseudoclassic,,,4000,名詞,固有名詞,一般,*,*,*,オルフェの詩　～ Pseudoclassic,オルフェノウタ,オルフェノウタ
新幻想　～ New Fantasy,,,4000,名詞,固有名詞,一般,*,*,*,新幻想　～ New Fantasy,シンゲンソウ,シンゲンソウ
オルレアンの聖騎士,,,4000,名詞,固有名詞,一般,*,*,*,オルレアンの聖騎士,オルレアンノセイキシ,オルレアンノセイキシ
"My Maid, Sweet Maid",,,4000,名詞,固有名詞,一般,*,*,*,"My Maid, Sweet Maid",マイメイドスイートメイド,マイメイドスイートメイド
桜花之恋塚　～ Flower of Japan,,,4000,名詞,固有名詞,一般,*,*,*,桜花之恋塚　～ Flower of Japan,オウカノコイヅカ,オウカノコイヅカ
乙女戦士　～ Heart of Valkyrie,,,4000,名詞,固有名詞,一般,*,*,*,乙女戦士　～ Heart of Valkyrie,オトメセンシ,オトメセンシ
エニグマティクドール　～ God Knows,,,4000,名詞,固有名詞,一般,*,*,*,エニグマティクドール　～ God Knows,エニグマティクドール,エニグマティクドール
Magical and Hopeless,,,4000,名詞,固有名詞,一般,*,*,*,Magical and Hopeless,マジカルアンドホープレス,マジカルアンドホープレス
Sacred Battle,,,4000,名詞,固有名詞,一般,*,*,*,Sacred Battle,セイクリッドバトル,セイクリッドバトル
妖々跋扈　～ Speed Fox!,,,4000,名詞,固有名詞,一般,*,*,*,妖々跋扈　～ Speed Fox!,ヨウヨウバッコ,ヨウヨウバッコ
六十年目の東方裁判,,,4000,名詞,固有名詞,一般,*,*,*,六十年目の東方裁判,ロクジュウネンメノトウホウサイバン,ロクジュウネンメノトウホウサイバン
呑んべぇのレムリア,,,4000,名詞,固有名詞,一般,*,*,*,呑んべぇのレムリア,ノンベェノレムリア,ノンベェノレムリア
AN ORDEAL FROM GOD,,,4000,名詞,固有名詞,一般,*,*,*,AN ORDEAL FROM GOD,アンオーディールフロムゴッド,アンオーディールフロムゴッド
キュアリアス上海古牌,,,4000,名詞,固有名詞,一般,*,*,*,キュアリアス上海古牌,キュアリアスシャンハイグーパイ,キュアリアスシャンハイグーパイ
神魔討綺伝 AN ORDEAL FROM GOD,,,4000,名詞,固有名詞,一般,*,*,*,神魔討綺伝 AN ORDEAL FROM GOD,シンマトウキデン,シンマトウキデン
Mysterious Shrine,,,4000,名詞,固有名詞,一般,*,*,*,Mysterious Shrine,ミステリアスシュライン,ミステリアスシュライン
宵闇の魔術師,,,4000,名詞,固有名詞,一般,*,*,*,宵闇の魔術師,ヨイヤミノマジュツシ,ヨイヤミノマジュツシ
Magic of Life,,,4000,名詞,固有名詞,一般,*,*,*,Magic of Life,マジックオブライフ,マジックオブライフ
Plastic Space,,,4000,名詞,固有名詞,一般,*,*,*,Plastic Space,プラスチックスペース,プラスチックスペース
Inventive City,,,4000,名詞,固有名詞,一般,*,*,*,Inventive City,インベンティブシティ,インベンティブシティ
夢幻回廊,,,4000,名詞,固有名詞,一般,*,*,*,夢幻回廊,ムゲンカイロウ,ムゲンカイロウ
蓬莱幻想　～ far East,,,4000,名詞,固有名詞,一般,*,*,*,蓬莱幻想　～ far East,ホウライゲンソウ,ホウライゲンソウ
魔法少女十字軍　～ Little Little Crusader,,,4000,名詞,固有名詞,一般,*,*,*,魔法少女十字軍　～ Little Little Crusader,マホウショウジョジュウジグン,マホウショウジョジュウジグン
夜の鳩山を飛ぶ,,,4000,名詞,固有名詞,一般,*,*,*,夜の鳩山を飛ぶ,ヨルノハトヤマヲトブ,ヨルノハトヤマヲトブ
Frontal Attack,,,4000,名詞,固有名詞,一般,*,*,*,Frontal Attack,フロンタルアタック,フロンタルアタック
千里の道,,,4000,名詞,固有名詞,一般,*,*,*,千里の道,センリノミチ,センリノミチ
地の色は黄色　〜 Primrose,,,4000,名詞,固有名詞,一般,*,*,*,地の色は黄色　〜 Primrose,チノイロハキイロ,チノイロハキイロ
マッシュルーム・ワルツ,,,4000,名詞,固有名詞,一般,*,*,*,マッシュルーム・ワルツ,マッシュルームワルツ,マッシュルームワルツ
聖輦船空を往く,,,4000,名詞,固有名詞,一般,*,*,*,聖輦船空を往く,セイレンセンソラヲイク,セイレンセンソラヲイク
法力の下の平等,,,4000,名詞,固有名詞,一般,*,*,*,法力の下の平等,ホウリキノモトノビョウドウ,ホウリキノモトノビョウドウ
恒常不変の参廟祀,,,4000,名詞,固有名詞,一般,*,*,*,恒常不変の参廟祀,コウジョウフヘンノサンビョウシ,コウジョウフヘンノサンビョウシ
光輝く天球儀,,,4000,名詞,固有名詞,一般,*,*,*,光輝く天球儀,ヒカリカガヤクテンキュウギ,ヒカリカガヤクテンキュウギ
沢の河童の技術力,,,4000,名詞,固有名詞,一般,*,*,*,沢の河童の技術力,サワノカッパノギジュツリョク,サワノカッパノギジュツリョク
地底に咲く薔薇,,,4000,名詞,固有名詞,一般,*,*,*,地底に咲く薔薇,チテイニサクバラ,チテイニサクバラ
深緑の狸森にて,,,4000,名詞,固有名詞,一般,*,*,*,深緑の狸森にて,シンリョウノタヌキモリニテ,シンリョウノタヌキモリニテ
心綺楼演舞,,,4000,名詞,固有名詞,一般,*,*,*,心綺楼演舞,シンキロウエンブ,シンキロウエンブ
不滅のレッドソウル,,,4000,名詞,固有名詞,一般,*,*,*,不滅のレッドソウル,フメツノレッドソウル,フメツノレッドソウル
落日に映える逆さ城,,,4000,名詞,固有名詞,一般,*,*,*,落日に映える逆さ城,ラクジツニハエルサカサジロ,ラクジツニハエルサカサジロ
千の試練を超えて,,,4000,名詞,固有名詞,一般,*,*,*,千の試練を超えて,センノシレンヲコエテ,センノシレンヲコエテ
夢世界フォークロア,,,4000,名詞,固有名詞,一般,*,*,*,夢世界フォークロア,ユメセカイフォークロア,ユメセカイフォークロア
永遠に続く回廊,,,4000,名詞,固有名詞,一般,*,*,*,永遠に続く回廊,エイエンニツヅクカイロウ,エイエンニツヅクカイロウ
スリープシープ・パレード,,,4000,名詞,固有名詞,一般,*,*,*,スリープシープ・パレード,スリープシープパレード,スリープシープパレード
至る有頂天,,,4000,名詞,固有名詞,一般,*,*,*,至る有頂天,イタルウチョウテン,イタルウチョウテン
憑坐のは夢と現の間に　〜 Necro-Fantasia,,,4000,名詞,固有名詞,一般,*,*,*,憑坐のは夢と現の間に　〜 Necro-Fantasia,ヨリマシハユメトウツツノアイダニ,ヨリマシハユメトウツツノアイダニ
今宵は飄逸なエゴイスト(Live ver)　〜 Egoistic Flowers.,,,4000,名詞,固有名詞,一般,*,*,*,今宵は飄逸なエゴイスト(Live ver)　〜 Egoistic Flowers.,コヨイハヒョウイツナエゴイスト,コヨイハヒョウイツナエゴイスト
オカルトアトラクト,,,4000,名詞,固有名詞,一般,*,*,*,オカルトアトラクト,オカルトアトラクト,オカルトアトラクト
ネオ竹林インフレイム,,,4000,名詞,固有名詞,一般,*,*,*,ネオ竹林インフレイム,ネオチクリンインフレイム,ネオチクリンインフレイム
億万劫の鐘,,,4000,名詞,固有名詞,一般,*,*,*,億万劫の鐘,オクマンゴウノカネ,オクマンゴウノカネ
アンノウンX　〜 Occultly Madness,,,4000,名詞,固有名詞,一般,*,*,*,アンノウンX　〜 Occultly Madness,アンノウンエックス,アンノウンエックス
憑依統合,,,4000,名詞,固有名詞,一般,*,*,*,憑依統合,ヒョウイトウゴウ,ヒョウイトウゴウ
連帯責任,,,4000,名詞,固有名詞,一般,*,*,*,連帯責任,レンタイセキニン,レンタイセキニン
合縁奇縁,,,4000,名詞,固有名詞,一般,*,*,*,合縁奇縁,アイエンキエン,アイエンキエン
異心同体,,,4000,名詞,固有名詞,一般,*,*,*,異心同体,イシンドウタイ,イシンドウタイ
壮言大語,,,4000,名詞,固有名詞,一般,*,*,*,壮言大語,ソウゲンタイゴ,ソウゲンタイゴ
知略縦横,,,4000,名詞,固有名詞,一般,*,*,*,知略縦横,チリャクジュウオウ,チリャクジュウオウ
意気揚々,,,4000,名詞,固有名詞,一般,*,*,*,意気揚々,イキヨウヨウ,イキヨウヨウ
開演間近,,,4000,名詞,固有名詞,一般,*,*,*,開演間近,カイエンマヂカ,カイエンマヂカ
天衣無縫　〜 Yellow Lily,,,4000,名詞,固有名詞,一般,*,*,*,天衣無縫　〜 Yellow Lily,テンイムホウ,テンイムホウ
行雲流水,,,4000,名詞,固有名詞,一般,*,*,*,行雲流水,コウウンリュウスイ,コウウンリュウスイ
異変の種子,,,4000,名詞,固有名詞,一般,*,*,*,異変の種子,イヘンノシュシ,イヘンノシュシ
疑惑の芽生え,,,4000,名詞,固有名詞,一般,*,*,*,疑惑の芽生え,ギワクノメバエ,ギワクノメバエ
未だ蕾む憑依華,,,4000,名詞,固有名詞,一般,*,*,*,未だ蕾む憑依華,イマダツボムヒョウイバナ,イマダツボムヒョウイバナ
真相へ繋がる枝葉,,,4000,名詞,固有名詞,一般,*,*,*,真相へ繋がる枝葉,シンソウヘツナガルエダハ,シンソウヘツナガルエダハ
咲き誇る憑依華,,,4000,名詞,固有名詞,一般,*,*,*,咲き誇る憑依華,サキホコルヒョウイバナ,サキホコルヒョウイバナ
舞い散る憑依華吹雪,,,4000,名詞,固有名詞,一般,*,*,*,舞い散る憑依華吹雪,マイチルヒョウイバナフブキ,マイチルヒョウイバナフブキ
憑坐のは夢と現の間に,,,4000,名詞,固有名詞,一般,*,*,*,憑坐のは夢と現の間に,ネオチクリンインフレイム,ネオチクリンインフレイム
今宵は飄逸なエゴイスト(Live ver),,,4000,名詞,固有名詞,一般,*,*,*,今宵は飄逸なエゴイスト(Live ver),オクマンゴウノカネ,オクマンゴウノカネ
今宵は飄逸なエゴイスト,,,4000,名詞,固有名詞,一般,*,*,*,今宵は飄逸なエゴイスト,オクマンゴウノカネ,オクマンゴウノカネ
