博麗神社例大祭,,,4000,名詞,固有名詞,一般,*,*,*,博麗神社例大祭,ハクレイジンジャレイタイサイ,ハクレイジンジャレイタイサイ
例大祭,,,4000,名詞,固有名詞,一般,*,*,*,例大祭,レイタイサイ,レイタイサイ
東方紅楼夢,,,4000,名詞,固有名詞,一般,*,*,*,東方紅楼夢,トウホウコウロウム,トウホウコウロウム
紅楼夢,,,4000,名詞,固有名詞,一般,*,*,*,紅楼夢,コウロウム,コウロウム
第⑨州東方祭,,,4000,名詞,固有名詞,一般,*,*,*,第⑨州東方祭,ダイキュウシュウトウホウサイ,ダイキュウシュウトウホウサイ
第⑨州,,,4000,名詞,固有名詞,一般,*,*,*,第⑨州,ダイキュウシュウ,ダイキュウシュウ
東方名華祭,,,4000,名詞,固有名詞,一般,*,*,*,東方名華祭,トウホウメイカサイ,トウホウメイカサイ
名華祭,,,4000,名詞,固有名詞,一般,*,*,*,名華祭,メイカサイ,メイカサイ
東方絢文禄,,,4000,名詞,固有名詞,一般,*,*,*,東方絢文禄,トウホウケンブンロク,トウホウケンブンロク
絢文禄,,,4000,名詞,固有名詞,一般,*,*,*,絢文禄,ケンブンロク,ケンブンロク
東方神居祭,,,4000,名詞,固有名詞,一般,*,*,*,東方神居祭,トウホウカムイサイ,トウホウカムイサイ
神居祭,,,4000,名詞,固有名詞,一般,*,*,*,神居祭,カムイサイ,カムイサイ
東方椰麟祭,,,4000,名詞,固有名詞,一般,*,*,*,東方椰麟祭,トウホウヤリンサイ,トウホウヤリンサイ
椰麟祭,,,4000,名詞,固有名詞,一般,*,*,*,椰麟祭,ヤリンサイ,ヤリンサイ
アンダーグラウンドカーニバル,,,4000,名詞,固有名詞,一般,*,*,*,アンダーグラウンドカーニバル,アンダーグラウンドカーニバル,アンダーグラウンドカーニバル
地霊祭,,,4000,名詞,固有名詞,一般,*,*,*,地霊祭,チレイサイ,チレイサイ
幻想郷サミット,,,4000,名詞,固有名詞,一般,*,*,*,幻想郷サミット,ゲンソウキョウサミット,ゲンソウキョウサミット
幻サミ,,,4000,名詞,固有名詞,一般,*,*,*,幻サミ,ゲンサミ,ゲンサミ
古明地こんぷれっくす,,,4000,名詞,固有名詞,一般,*,*,*,古明地こんぷれっくす,コメイジコンプレックス,コメイジコンプレックス
こめこん,,,4000,名詞,固有名詞,一般,*,*,*,こめこん,コメコン,コメコン
東方蛍光祭,,,4000,名詞,固有名詞,一般,*,*,*,東方蛍光祭,トウホウケイコウサイ,トウホウケイコウサイ
蛍光祭,,,4000,名詞,固有名詞,一般,*,*,*,蛍光祭,ケイコウサイ,ケイコウサイ
東方想七日,,,4000,名詞,固有名詞,一般,*,*,*,東方想七日,トウホウソウナノカ,トウホウソウナノカ
想七日,,,4000,名詞,固有名詞,一般,*,*,*,想七日,ソウナノカ,ソウナノカ
東方多宴祭,,,4000,名詞,固有名詞,一般,*,*,*,東方多宴祭,トウホウタエンサイ,トウホウタエンサイ
多宴祭,,,4000,名詞,固有名詞,一般,*,*,*,多宴祭,タエンサイ,タエンサイ
東方遊宴雀,,,4000,名詞,固有名詞,一般,*,*,*,東方遊宴雀,トウホウユウエンジャク,トウホウユウエンジャク
遊宴雀,,,4000,名詞,固有名詞,一般,*,*,*,遊宴雀,ユウエンジャク,ユウエンジャク
東方幻想紅魔祭,,,4000,名詞,固有名詞,一般,*,*,*,東方幻想紅魔祭,トウホウゲンソウコウマサイ,トウホウゲンソウコウマサイ
紅魔祭,,,4000,名詞,固有名詞,一般,*,*,*,紅魔祭,コウマサイ,コウマサイ
地底の読心裁判,,,4000,名詞,固有名詞,一般,*,*,*,地底の読心裁判,チテイノドクシンサイバン,チテイノドクシンサイバン
文々。新聞友の会,,,4000,名詞,固有名詞,一般,*,*,*,文々。新聞友の会,ブンブンマルシンブントモノカイ,ブンブンマルシンブントモノカイ
諏訪風神祭,,,4000,名詞,固有名詞,一般,*,*,*,諏訪風神祭,スワフウジンサイ,スワフウジンサイ
エンジニアワルツ,,,4000,名詞,固有名詞,一般,*,*,*,エンジニアワルツ,エンジニアワルツ,エンジニアワルツ
八雲幻想祭,,,4000,名詞,固有名詞,一般,*,*,*,八雲幻想祭,ヤクモゲンソウサイ,ヤクモゲンソウサイ
科学世紀のカフェテラス,,,4000,名詞,固有名詞,一般,*,*,*,科学世紀のカフェテラス,カガクセイキノカフェテラス,カガクセイキノカフェテラス
幻想郷フォーラム,,,4000,名詞,固有名詞,一般,*,*,*,幻想郷フォーラム,ゲンソウキョウフォーラム,ゲンソウキョウフォーラム
東方螺茶会,,,4000,名詞,固有名詞,一般,*,*,*,東方螺茶会,*,*
螺茶会,,,4000,名詞,固有名詞,一般,*,*,*,螺茶会,*,*
中四国東方祭,,,4000,名詞,固有名詞,一般,*,*,*,中四国東方祭,*,*
東方信州祭,,,4000,名詞,固有名詞,一般,*,*,*,東方信州祭,*,*
信州祭,,,4000,名詞,固有名詞,一般,*,*,*,信州祭,*,*
東方輝針祭,,,4000,名詞,固有名詞,一般,*,*,*,東方輝針祭,*,*
輝針祭,,,4000,名詞,固有名詞,一般,*,*,*,輝針祭,*,*
東方北陸祭,,,4000,名詞,固有名詞,一般,*,*,*,東方北陸祭,*,*
北陸祭,,,4000,名詞,固有名詞,一般,*,*,*,北陸祭,*,*
東方上州祭,,,4000,名詞,固有名詞,一般,*,*,*,東方上州祭,*,*
上州祭,,,4000,名詞,固有名詞,一般,*,*,*,上州祭,*,*
東方駿河祭,,,4000,名詞,固有名詞,一般,*,*,*,東方駿河祭,*,*
駿河祭,,,4000,名詞,固有名詞,一般,*,*,*,駿河祭,*,*
東方幻仙郷,,,4000,名詞,固有名詞,一般,*,*,*,東方幻仙郷,*,*
幻仙郷,,,4000,名詞,固有名詞,一般,*,*,*,幻仙郷,*,*
こころコミュニケーション,,,4000,名詞,固有名詞,一般,*,*,*,こころコミュニケーション,ココロコミュニケーション,ココロコミュニケーション
小春小径,,,4000,名詞,固有名詞,一般,*,*,*,小春小径,*,*
桜だより,,,4000,名詞,固有名詞,一般,*,*,*,桜だより,サクラダヨリ,サクラダヨリ
諏訪子ランド,,,4000,名詞,固有名詞,一般,*,*,*,諏訪子ランド,スワコランド,スワコランド
竹取物語,,,4000,名詞,固有名詞,一般,*,*,*,竹取物語,タケトリモノガタリ,タケトリモノガタリ
月の宴,,,4000,名詞,固有名詞,一般,*,*,*,月の宴,ツキノウタゲ,ツキノウタゲ
天狗様のお仕事,,,4000,名詞,固有名詞,一般,*,*,*,天狗様のお仕事,テングサマノオシゴト,テングサマノオシゴト
マイフレンド,,,4000,名詞,固有名詞,一般,*,*,*,マイフレンド,マイフレンド,マイフレンド
御阿礼祭,,,4000,名詞,固有名詞,一般,*,*,*,御阿礼祭,ミアレサイ,ミアレサイ
例月祭,,,4000,名詞,固有名詞,一般,*,*,*,例月祭,*,*
新月幼魔夜行,,,4000,名詞,固有名詞,一般,*,*,*,新月幼魔夜行,*,*
げんましんクエスト,,,4000,名詞,固有名詞,一般,*,*,*,げんましんクエスト,*,*
げんましん,,,4000,名詞,固有名詞,一般,*,*,*,げんましん,*,*
東方御幸録,,,4000,名詞,固有名詞,一般,*,*,*,東方御幸録,*,*
御幸録,,,4000,名詞,固有名詞,一般,*,*,*,御幸録,*,*
新潟東方祭,,,4000,名詞,固有名詞,一般,*,*,*,新潟東方祭,*,*
東方瑠球祭,,,4000,名詞,固有名詞,一般,*,*,*,東方瑠球祭,*,*
瑠球祭,,,4000,名詞,固有名詞,一般,*,*,*,瑠球祭,*,*
東方杜郷想,,,4000,名詞,固有名詞,一般,*,*,*,東方杜郷想,*,*
杜郷想,,,4000,名詞,固有名詞,一般,*,*,*,杜郷想,*,*
このすばらしい天子に祝福を,,,4000,名詞,固有名詞,一般,*,*,*,このすばらしい天子に祝福を,*,*
週末何してますか？ディスコですか？踊ってもらっていいですか？,,,4000,名詞,固有名詞,一般,*,*,*,週末何してますか？ディスコですか？踊ってもらっていいですか？,*,*
東方甲州祭,,,4000,名詞,固有名詞,一般,*,*,*,東方甲州祭,*,*
甲州祭,,,4000,名詞,固有名詞,一般,*,*,*,甲州祭,*,*
東方季奏宴,,,4000,名詞,固有名詞,一般,*,*,*,東方季奏宴,*,*
季奏宴,,,4000,名詞,固有名詞,一般,*,*,*,季奏宴,*,*
金沢東方祭,,,4000,名詞,固有名詞,一般,*,*,*,金沢東方祭,*,*
鳥獣やっほー!,,,4000,名詞,固有名詞,一般,*,*,*,鳥獣やっほー!,*,*
鳥獣やっほー,,,4000,名詞,固有名詞,一般,*,*,*,鳥獣やっほー,*,*
あ大祭の前夜祭,,,4000,名詞,固有名詞,一般,*,*,*,あ大祭の前夜祭,*,*
あ大祭,,,4000,名詞,固有名詞,一般,*,*,*,あ大祭,*,*
あたい最強！,,,4000,名詞,固有名詞,一般,*,*,*,あたい最強！,*,*
あたい最強,,,4000,名詞,固有名詞,一般,*,*,*,あたい最強,*,*
新潟東方祭,,,4000,名詞,固有名詞,一般,*,*,*,新潟東方祭,*,*
求代目の紅茶会,,,4000,名詞,固有名詞,一般,*,*,*,求代目の紅茶会,キュウダイメノコウチャカイ,キュウダイメノコウチャカイ
紅茶会,,,4000,名詞,固有名詞,一般,*,*,*,紅茶会,コウチャカイ,コウチャカイ
鈴奈幻想絵巻,,,4000,名詞,固有名詞,一般,*,*,*,鈴奈幻想絵巻,スズナゲンソウエマキ,スズナゲンソウエマキ
蓮メリ,,,4000,名詞,固有名詞,一般,*,*,*,蓮メリ,レンメリ,レンメリ
蓮メリちゅっちゅ,,,4000,名詞,固有名詞,一般,*,*,*,蓮メリちゅっちゅ,レンメリチュッチュ,レンメリチュッチュ
